block,model,config_id,config_json
block2,extra_trees,1,"{""lag_candidates"": [0, 1, 2, 3, 4, 5, 6], ""k1_topk"": 700, ""redundancy_param"": 1.0, ""dr_method"": ""none"", ""corr_spec"": {""mode"": ""expanding"", ""lam"": null}, ""target_block_set"": [""AR1"", ""Chronos"", ""TSFresh""], ""sample_weight_decay"": null, ""n_estimators"": 500, ""max_depth"": null, ""min_samples_leaf"": 1, ""max_features"": 0.25, ""seed"": 42}"
block2,extra_trees,2,"{""lag_candidates"": [0, 1, 2, 3, 4, 5, 6], ""k1_topk"": 700, ""redundancy_param"": 1.0, ""dr_method"": ""none"", ""corr_spec"": {""mode"": ""expanding"", ""lam"": null}, ""target_block_set"": [""AR1"", ""Chronos"", ""TSFresh""], ""sample_weight_decay"": null, ""n_estimators"": 500, ""max_depth"": null, ""min_samples_leaf"": 5, ""max_features"": 0.1, ""seed"": 42}"
block2,extra_trees,3,"{""lag_candidates"": [0, 1, 2, 3, 4, 5, 6], ""k1_topk"": 700, ""redundancy_param"": 1.0, ""dr_method"": ""none"", ""corr_spec"": {""mode"": ""expanding"", ""lam"": null}, ""target_block_set"": [""AR1"", ""Chronos"", ""TSFresh""], ""sample_weight_decay"": null, ""n_estimators"": 500, ""max_depth"": null, ""min_samples_leaf"": 5, ""max_features"": 0.25, ""seed"": 42}"
block2,extra_trees,4,"{""lag_candidates"": [0, 1, 2, 3, 4, 5, 6], ""k1_topk"": 700, ""redundancy_param"": 1.0, ""dr_method"": ""none"", ""corr_spec"": {""mode"": ""expanding"", ""lam"": null}, ""target_block_set"": [""AR1"", ""Chronos"", ""TSFresh""], ""sample_weight_decay"": null, ""n_estimators"": 500, ""max_depth"": null, ""min_samples_leaf"": 10, ""max_features"": 0.25, ""seed"": 42}"
block2,extra_trees,5,"{""lag_candidates"": [0, 1, 2, 3, 4, 5, 6], ""k1_topk"": 700, ""redundancy_param"": 1.0, ""dr_method"": ""none"", ""corr_spec"": {""mode"": ""expanding"", ""lam"": null}, ""target_block_set"": [""AR1"", ""Chronos"", ""TSFresh""], ""sample_weight_decay"": null, ""n_estimators"": 500, ""max_depth"": 4, ""min_samples_leaf"": 5, ""max_features"": 0.25, ""seed"": 42}"
block2,extra_trees,6,"{""lag_candidates"": [0, 1, 2, 3, 4, 5, 6], ""k1_topk"": 700, ""redundancy_param"": 1.0, ""dr_method"": ""none"", ""corr_spec"": {""mode"": ""expanding"", ""lam"": null}, ""target_block_set"": [""AR1"", ""Chronos"", ""TSFresh""], ""sample_weight_decay"": null, ""n_estimators"": 500, ""max_depth"": 4, ""min_samples_leaf"": 10, ""max_features"": 0.25, ""seed"": 42}"
block2,extra_trees,7,"{""lag_candidates"": [0, 1, 2, 3, 4, 5, 6], ""k1_topk"": 700, ""redundancy_param"": 1.0, ""dr_method"": ""none"", ""corr_spec"": {""mode"": ""expanding"", ""lam"": null}, ""target_block_set"": [""AR1"", ""Chronos"", ""TSFresh""], ""sample_weight_decay"": null, ""n_estimators"": 500, ""max_depth"": 8, ""min_samples_leaf"": 1, ""max_features"": 0.25, ""seed"": 42}"
block2,extra_trees,8,"{""lag_candidates"": [0, 1, 2, 3, 4, 5, 6], ""k1_topk"": 700, ""redundancy_param"": 1.0, ""dr_method"": ""none"", ""corr_spec"": {""mode"": ""expanding"", ""lam"": null}, ""target_block_set"": [""AR1"", ""Chronos"", ""TSFresh""], ""sample_weight_decay"": null, ""n_estimators"": 500, ""max_depth"": 8, ""min_samples_leaf"": 5, ""max_features"": 0.1, ""seed"": 42}"
block2,extra_trees,9,"{""lag_candidates"": [0, 1, 2, 3, 4, 5, 6], ""k1_topk"": 700, ""redundancy_param"": 1.0, ""dr_method"": ""none"", ""corr_spec"": {""mode"": ""expanding"", ""lam"": null}, ""target_block_set"": [""AR1"", ""Chronos"", ""TSFresh""], ""sample_weight_decay"": null, ""n_estimators"": 500, ""max_depth"": 8, ""min_samples_leaf"": 5, ""max_features"": 0.25, ""seed"": 42}"
block2,extra_trees,10,"{""lag_candidates"": [0, 1, 2, 3, 4, 5, 6], ""k1_topk"": 700, ""redundancy_param"": 1.0, ""dr_method"": ""none"", ""corr_spec"": {""mode"": ""expanding"", ""lam"": null}, ""target_block_set"": [""AR1"", ""Chronos"", ""TSFresh""], ""sample_weight_decay"": null, ""n_estimators"": 500, ""max_depth"": 8, ""min_samples_leaf"": 10, ""max_features"": 0.25, ""seed"": 42}"
block2,extra_trees,11,"{""lag_candidates"": [0, 1, 2, 3, 4, 5, 6], ""k1_topk"": 700, ""redundancy_param"": 1.0, ""dr_method"": ""none"", ""corr_spec"": {""mode"": ""expanding"", ""lam"": null}, ""target_block_set"": [""AR1"", ""Chronos"", ""TSFresh""], ""sample_weight_decay"": null, ""n_estimators"": 1000, ""max_depth"": null, ""min_samples_leaf"": 1, ""max_features"": 0.25, ""seed"": 42}"
block2,extra_trees,12,"{""lag_candidates"": [0, 1, 2, 3, 4, 5, 6], ""k1_topk"": 700, ""redundancy_param"": 1.0, ""dr_method"": ""none"", ""corr_spec"": {""mode"": ""expanding"", ""lam"": null}, ""target_block_set"": [""AR1"", ""Chronos"", ""TSFresh""], ""sample_weight_decay"": null, ""n_estimators"": 1000, ""max_depth"": null, ""min_samples_leaf"": 5, ""max_features"": 0.1, ""seed"": 42}"
block2,extra_trees,13,"{""lag_candidates"": [0, 1, 2, 3, 4, 5, 6], ""k1_topk"": 700, ""redundancy_param"": 1.0, ""dr_method"": ""none"", ""corr_spec"": {""mode"": ""expanding"", ""lam"": null}, ""target_block_set"": [""AR1"", ""Chronos"", ""TSFresh""], ""sample_weight_decay"": null, ""n_estimators"": 1000, ""max_depth"": null, ""min_samples_leaf"": 5, ""max_features"": 0.25, ""seed"": 42}"
block2,extra_trees,14,"{""lag_candidates"": [0, 1, 2, 3, 4, 5, 6], ""k1_topk"": 700, ""redundancy_param"": 1.0, ""dr_method"": ""none"", ""corr_spec"": {""mode"": ""expanding"", ""lam"": null}, ""target_block_set"": [""AR1"", ""Chronos"", ""TSFresh""], ""sample_weight_decay"": null, ""n_estimators"": 1000, ""max_depth"": null, ""min_samples_leaf"": 10, ""max_features"": 0.25, ""seed"": 42}"
block2,extra_trees,15,"{""lag_candidates"": [0, 1, 2, 3, 4, 5, 6], ""k1_topk"": 700, ""redundancy_param"": 1.0, ""dr_method"": ""none"", ""corr_spec"": {""mode"": ""expanding"", ""lam"": null}, ""target_block_set"": [""AR1"", ""Chronos"", ""TSFresh""], ""sample_weight_decay"": null, ""n_estimators"": 1000, ""max_depth"": 4, ""min_samples_leaf"": 5, ""max_features"": 0.25, ""seed"": 42}"
block2,extra_trees,16,"{""lag_candidates"": [0, 1, 2, 3, 4, 5, 6], ""k1_topk"": 700, ""redundancy_param"": 1.0, ""dr_method"": ""none"", ""corr_spec"": {""mode"": ""expanding"", ""lam"": null}, ""target_block_set"": [""AR1"", ""Chronos"", ""TSFresh""], ""sample_weight_decay"": null, ""n_estimators"": 1000, ""max_depth"": 4, ""min_samples_leaf"": 10, ""max_features"": 0.25, ""seed"": 42}"
block2,extra_trees,17,"{""lag_candidates"": [0, 1, 2, 3, 4, 5, 6], ""k1_topk"": 700, ""redundancy_param"": 1.0, ""dr_method"": ""none"", ""corr_spec"": {""mode"": ""expanding"", ""lam"": null}, ""target_block_set"": [""AR1"", ""Chronos"", ""TSFresh""], ""sample_weight_decay"": null, ""n_estimators"": 1000, ""max_depth"": 8, ""min_samples_leaf"": 1, ""max_features"": 0.25, ""seed"": 42}"
block2,extra_trees,18,"{""lag_candidates"": [0, 1, 2, 3, 4, 5, 6], ""k1_topk"": 700, ""redundancy_param"": 1.0, ""dr_method"": ""none"", ""corr_spec"": {""mode"": ""expanding"", ""lam"": null}, ""target_block_set"": [""AR1"", ""Chronos"", ""TSFresh""], ""sample_weight_decay"": null, ""n_estimators"": 1000, ""max_depth"": 8, ""min_samples_leaf"": 5, ""max_features"": 0.1, ""seed"": 42}"
block2,extra_trees,19,"{""lag_candidates"": [0, 1, 2, 3, 4, 5, 6], ""k1_topk"": 700, ""redundancy_param"": 1.0, ""dr_method"": ""none"", ""corr_spec"": {""mode"": ""expanding"", ""lam"": null}, ""target_block_set"": [""AR1"", ""Chronos"", ""TSFresh""], ""sample_weight_decay"": null, ""n_estimators"": 1000, ""max_depth"": 8, ""min_samples_leaf"": 5, ""max_features"": 0.25, ""seed"": 42}"
block2,extra_trees,20,"{""lag_candidates"": [0, 1, 2, 3, 4, 5, 6], ""k1_topk"": 700, ""redundancy_param"": 1.0, ""dr_method"": ""none"", ""corr_spec"": {""mode"": ""expanding"", ""lam"": null}, ""target_block_set"": [""AR1"", ""Chronos"", ""TSFresh""], ""sample_weight_decay"": null, ""n_estimators"": 1000, ""max_depth"": 8, ""min_samples_leaf"": 10, ""max_features"": 0.25, ""seed"": 42}"
block2,extra_trees,21,"{""lag_candidates"": [0, 1, 2, 3, 4, 5, 6], ""k1_topk"": 700, ""redundancy_param"": 1.0, ""dr_method"": ""none"", ""corr_spec"": {""mode"": ""expanding"", ""lam"": null}, ""target_block_set"": [""AR1"", ""Chronos"", ""TSFresh""], ""sample_weight_decay"": null, ""n_estimators"": 2000, ""max_depth"": null, ""min_samples_leaf"": 1, ""max_features"": 0.25, ""seed"": 42}"
block2,extra_trees,22,"{""lag_candidates"": [0, 1, 2, 3, 4, 5, 6], ""k1_topk"": 700, ""redundancy_param"": 1.0, ""dr_method"": ""none"", ""corr_spec"": {""mode"": ""expanding"", ""lam"": null}, ""target_block_set"": [""AR1"", ""Chronos"", ""TSFresh""], ""sample_weight_decay"": null, ""n_estimators"": 2000, ""max_depth"": null, ""min_samples_leaf"": 5, ""max_features"": 0.1, ""seed"": 42}"
block2,extra_trees,23,"{""lag_candidates"": [0, 1, 2, 3, 4, 5, 6], ""k1_topk"": 700, ""redundancy_param"": 1.0, ""dr_method"": ""none"", ""corr_spec"": {""mode"": ""expanding"", ""lam"": null}, ""target_block_set"": [""AR1"", ""Chronos"", ""TSFresh""], ""sample_weight_decay"": null, ""n_estimators"": 2000, ""max_depth"": null, ""min_samples_leaf"": 5, ""max_features"": 0.25, ""seed"": 42}"
block2,extra_trees,24,"{""lag_candidates"": [0, 1, 2, 3, 4, 5, 6], ""k1_topk"": 700, ""redundancy_param"": 1.0, ""dr_method"": ""none"", ""corr_spec"": {""mode"": ""expanding"", ""lam"": null}, ""target_block_set"": [""AR1"", ""Chronos"", ""TSFresh""], ""sample_weight_decay"": null, ""n_estimators"": 2000, ""max_depth"": null, ""min_samples_leaf"": 10, ""max_features"": 0.25, ""seed"": 42}"
block2,extra_trees,25,"{""lag_candidates"": [0, 1, 2, 3, 4, 5, 6], ""k1_topk"": 700, ""redundancy_param"": 1.0, ""dr_method"": ""none"", ""corr_spec"": {""mode"": ""expanding"", ""lam"": null}, ""target_block_set"": [""AR1"", ""Chronos"", ""TSFresh""], ""sample_weight_decay"": null, ""n_estimators"": 2000, ""max_depth"": 4, ""min_samples_leaf"": 5, ""max_features"": 0.25, ""seed"": 42}"
block2,extra_trees,26,"{""lag_candidates"": [0, 1, 2, 3, 4, 5, 6], ""k1_topk"": 700, ""redundancy_param"": 1.0, ""dr_method"": ""none"", ""corr_spec"": {""mode"": ""expanding"", ""lam"": null}, ""target_block_set"": [""AR1"", ""Chronos"", ""TSFresh""], ""sample_weight_decay"": null, ""n_estimators"": 2000, ""max_depth"": 4, ""min_samples_leaf"": 10, ""max_features"": 0.25, ""seed"": 42}"
block2,extra_trees,27,"{""lag_candidates"": [0, 1, 2, 3, 4, 5, 6], ""k1_topk"": 700, ""redundancy_param"": 1.0, ""dr_method"": ""none"", ""corr_spec"": {""mode"": ""expanding"", ""lam"": null}, ""target_block_set"": [""AR1"", ""Chronos"", ""TSFresh""], ""sample_weight_decay"": null, ""n_estimators"": 2000, ""max_depth"": 8, ""min_samples_leaf"": 1, ""max_features"": 0.25, ""seed"": 42}"
block2,extra_trees,28,"{""lag_candidates"": [0, 1, 2, 3, 4, 5, 6], ""k1_topk"": 700, ""redundancy_param"": 1.0, ""dr_method"": ""none"", ""corr_spec"": {""mode"": ""expanding"", ""lam"": null}, ""target_block_set"": [""AR1"", ""Chronos"", ""TSFresh""], ""sample_weight_decay"": null, ""n_estimators"": 2000, ""max_depth"": 8, ""min_samples_leaf"": 5, ""max_features"": 0.1, ""seed"": 42}"
block2,extra_trees,29,"{""lag_candidates"": [0, 1, 2, 3, 4, 5, 6], ""k1_topk"": 700, ""redundancy_param"": 1.0, ""dr_method"": ""none"", ""corr_spec"": {""mode"": ""expanding"", ""lam"": null}, ""target_block_set"": [""AR1"", ""Chronos"", ""TSFresh""], ""sample_weight_decay"": null, ""n_estimators"": 2000, ""max_depth"": 8, ""min_samples_leaf"": 5, ""max_features"": 0.25, ""seed"": 42}"
block2,extra_trees,30,"{""lag_candidates"": [0, 1, 2, 3, 4, 5, 6], ""k1_topk"": 700, ""redundancy_param"": 1.0, ""dr_method"": ""none"", ""corr_spec"": {""mode"": ""expanding"", ""lam"": null}, ""target_block_set"": [""AR1"", ""Chronos"", ""TSFresh""], ""sample_weight_decay"": null, ""n_estimators"": 2000, ""max_depth"": 8, ""min_samples_leaf"": 10, ""max_features"": 0.25, ""seed"": 42}"
block2,extra_trees,31,"{""lag_candidates"": [0, 1, 2, 3, 4, 5, 6], ""k1_topk"": 700, ""redundancy_param"": 1.0, ""dr_method"": ""none"", ""corr_spec"": {""mode"": ""expanding"", ""lam"": null}, ""target_block_set"": [""AR1"", ""Chronos"", ""TSFresh""], ""sample_weight_decay"": 0.99, ""n_estimators"": 500, ""max_depth"": null, ""min_samples_leaf"": 1, ""max_features"": 0.1, ""seed"": 42}"
block2,extra_trees,32,"{""lag_candidates"": [0, 1, 2, 3, 4, 5, 6], ""k1_topk"": 700, ""redundancy_param"": 1.0, ""dr_method"": ""none"", ""corr_spec"": {""mode"": ""expanding"", ""lam"": null}, ""target_block_set"": [""AR1"", ""Chronos"", ""TSFresh""], ""sample_weight_decay"": 0.99, ""n_estimators"": 500, ""max_depth"": null, ""min_samples_leaf"": 5, ""max_features"": 0.1, ""seed"": 42}"
block2,extra_trees,33,"{""lag_candidates"": [0, 1, 2, 3, 4, 5, 6], ""k1_topk"": 700, ""redundancy_param"": 1.0, ""dr_method"": ""none"", ""corr_spec"": {""mode"": ""expanding"", ""lam"": null}, ""target_block_set"": [""AR1"", ""Chronos"", ""TSFresh""], ""sample_weight_decay"": 0.99, ""n_estimators"": 500, ""max_depth"": null, ""min_samples_leaf"": 5, ""max_features"": 0.25, ""seed"": 42}"
block2,extra_trees,34,"{""lag_candidates"": [0, 1, 2, 3, 4, 5, 6], ""k1_topk"": 700, ""redundancy_param"": 1.0, ""dr_method"": ""none"", ""corr_spec"": {""mode"": ""expanding"", ""lam"": null}, ""target_block_set"": [""AR1"", ""Chronos"", ""TSFresh""], ""sample_weight_decay"": 0.99, ""n_estimators"": 500, ""max_depth"": null, ""min_samples_leaf"": 10, ""max_features"": 0.25, ""seed"": 42}"
block2,extra_trees,35,"{""lag_candidates"": [0, 1, 2, 3, 4, 5, 6], ""k1_topk"": 700, ""redundancy_param"": 1.0, ""dr_method"": ""none"", ""corr_spec"": {""mode"": ""expanding"", ""lam"": null}, ""target_block_set"": [""AR1"", ""Chronos"", ""TSFresh""], ""sample_weight_decay"": 0.99, ""n_estimators"": 500, ""max_depth"": 4, ""min_samples_leaf"": 5, ""max_features"": 0.25, ""seed"": 42}"
block2,extra_trees,36,"{""lag_candidates"": [0, 1, 2, 3, 4, 5, 6], ""k1_topk"": 700, ""redundancy_param"": 1.0, ""dr_method"": ""none"", ""corr_spec"": {""mode"": ""expanding"", ""lam"": null}, ""target_block_set"": [""AR1"", ""Chronos"", ""TSFresh""], ""sample_weight_decay"": 0.99, ""n_estimators"": 500, ""max_depth"": 4, ""min_samples_leaf"": 10, ""max_features"": 0.25, ""seed"": 42}"
block2,extra_trees,37,"{""lag_candidates"": [0, 1, 2, 3, 4, 5, 6], ""k1_topk"": 700, ""redundancy_param"": 1.0, ""dr_method"": ""none"", ""corr_spec"": {""mode"": ""expanding"", ""lam"": null}, ""target_block_set"": [""AR1"", ""Chronos"", ""TSFresh""], ""sample_weight_decay"": 0.99, ""n_estimators"": 500, ""max_depth"": 8, ""min_samples_leaf"": 1, ""max_features"": 0.25, ""seed"": 42}"
block2,extra_trees,38,"{""lag_candidates"": [0, 1, 2, 3, 4, 5, 6], ""k1_topk"": 700, ""redundancy_param"": 1.0, ""dr_method"": ""none"", ""corr_spec"": {""mode"": ""expanding"", ""lam"": null}, ""target_block_set"": [""AR1"", ""Chronos"", ""TSFresh""], ""sample_weight_decay"": 0.99, ""n_estimators"": 500, ""max_depth"": 8, ""min_samples_leaf"": 5, ""max_features"": 0.1, ""seed"": 42}"
block2,extra_trees,39,"{""lag_candidates"": [0, 1, 2, 3, 4, 5, 6], ""k1_topk"": 700, ""redundancy_param"": 1.0, ""dr_method"": ""none"", ""corr_spec"": {""mode"": ""expanding"", ""lam"": null}, ""target_block_set"": [""AR1"", ""Chronos"", ""TSFresh""], ""sample_weight_decay"": 0.99, ""n_estimators"": 500, ""max_depth"": 8, ""min_samples_leaf"": 5, ""max_features"": 0.25, ""seed"": 42}"
block2,extra_trees,40,"{""lag_candidates"": [0, 1, 2, 3, 4, 5, 6], ""k1_topk"": 700, ""redundancy_param"": 1.0, ""dr_method"": ""none"", ""corr_spec"": {""mode"": ""expanding"", ""lam"": null}, ""target_block_set"": [""AR1"", ""Chronos"", ""TSFresh""], ""sample_weight_decay"": 0.99, ""n_estimators"": 500, ""max_depth"": 8, ""min_samples_leaf"": 10, ""max_features"": 0.25, ""seed"": 42}"
block2,extra_trees,41,"{""lag_candidates"": [0, 1, 2, 3, 4, 5, 6], ""k1_topk"": 700, ""redundancy_param"": 1.0, ""dr_method"": ""none"", ""corr_spec"": {""mode"": ""expanding"", ""lam"": null}, ""target_block_set"": [""AR1"", ""Chronos"", ""TSFresh""], ""sample_weight_decay"": 0.99, ""n_estimators"": 1000, ""max_depth"": null, ""min_samples_leaf"": 1, ""max_features"": 0.25, ""seed"": 42}"
block2,extra_trees,42,"{""lag_candidates"": [0, 1, 2, 3, 4, 5, 6], ""k1_topk"": 700, ""redundancy_param"": 1.0, ""dr_method"": ""none"", ""corr_spec"": {""mode"": ""expanding"", ""lam"": null}, ""target_block_set"": [""AR1"", ""Chronos"", ""TSFresh""], ""sample_weight_decay"": 0.99, ""n_estimators"": 1000, ""max_depth"": null, ""min_samples_leaf"": 5, ""max_features"": 0.1, ""seed"": 42}"
block2,extra_trees,43,"{""lag_candidates"": [0, 1, 2, 3, 4, 5, 6], ""k1_topk"": 700, ""redundancy_param"": 1.0, ""dr_method"": ""none"", ""corr_spec"": {""mode"": ""expanding"", ""lam"": null}, ""target_block_set"": [""AR1"", ""Chronos"", ""TSFresh""], ""sample_weight_decay"": 0.99, ""n_estimators"": 1000, ""max_depth"": null, ""min_samples_leaf"": 5, ""max_features"": 0.25, ""seed"": 42}"
block2,extra_trees,44,"{""lag_candidates"": [0, 1, 2, 3, 4, 5, 6], ""k1_topk"": 700, ""redundancy_param"": 1.0, ""dr_method"": ""none"", ""corr_spec"": {""mode"": ""expanding"", ""lam"": null}, ""target_block_set"": [""AR1"", ""Chronos"", ""TSFresh""], ""sample_weight_decay"": 0.99, ""n_estimators"": 1000, ""max_depth"": null, ""min_samples_leaf"": 10, ""max_features"": 0.25, ""seed"": 42}"
block2,extra_trees,45,"{""lag_candidates"": [0, 1, 2, 3, 4, 5, 6], ""k1_topk"": 700, ""redundancy_param"": 1.0, ""dr_method"": ""none"", ""corr_spec"": {""mode"": ""expanding"", ""lam"": null}, ""target_block_set"": [""AR1"", ""Chronos"", ""TSFresh""], ""sample_weight_decay"": 0.99, ""n_estimators"": 1000, ""max_depth"": 4, ""min_samples_leaf"": 5, ""max_features"": 0.25, ""seed"": 42}"
block2,extra_trees,46,"{""lag_candidates"": [0, 1, 2, 3, 4, 5, 6], ""k1_topk"": 700, ""redundancy_param"": 1.0, ""dr_method"": ""none"", ""corr_spec"": {""mode"": ""expanding"", ""lam"": null}, ""target_block_set"": [""AR1"", ""Chronos"", ""TSFresh""], ""sample_weight_decay"": 0.99, ""n_estimators"": 1000, ""max_depth"": 4, ""min_samples_leaf"": 10, ""max_features"": 0.25, ""seed"": 42}"
block2,extra_trees,47,"{""lag_candidates"": [0, 1, 2, 3, 4, 5, 6], ""k1_topk"": 700, ""redundancy_param"": 1.0, ""dr_method"": ""none"", ""corr_spec"": {""mode"": ""expanding"", ""lam"": null}, ""target_block_set"": [""AR1"", ""Chronos"", ""TSFresh""], ""sample_weight_decay"": 0.99, ""n_estimators"": 1000, ""max_depth"": 8, ""min_samples_leaf"": 1, ""max_features"": 0.25, ""seed"": 42}"
block2,extra_trees,48,"{""lag_candidates"": [0, 1, 2, 3, 4, 5, 6], ""k1_topk"": 700, ""redundancy_param"": 1.0, ""dr_method"": ""none"", ""corr_spec"": {""mode"": ""expanding"", ""lam"": null}, ""target_block_set"": [""AR1"", ""Chronos"", ""TSFresh""], ""sample_weight_decay"": 0.99, ""n_estimators"": 1000, ""max_depth"": 8, ""min_samples_leaf"": 5, ""max_features"": 0.1, ""seed"": 42}"
block2,extra_trees,49,"{""lag_candidates"": [0, 1, 2, 3, 4, 5, 6], ""k1_topk"": 700, ""redundancy_param"": 1.0, ""dr_method"": ""none"", ""corr_spec"": {""mode"": ""expanding"", ""lam"": null}, ""target_block_set"": [""AR1"", ""Chronos"", ""TSFresh""], ""sample_weight_decay"": 0.99, ""n_estimators"": 1000, ""max_depth"": 8, ""min_samples_leaf"": 5, ""max_features"": 0.25, ""seed"": 42}"
block2,extra_trees,50,"{""lag_candidates"": [0, 1, 2, 3, 4, 5, 6], ""k1_topk"": 700, ""redundancy_param"": 1.0, ""dr_method"": ""none"", ""corr_spec"": {""mode"": ""expanding"", ""lam"": null}, ""target_block_set"": [""AR1"", ""Chronos"", ""TSFresh""], ""sample_weight_decay"": 0.99, ""n_estimators"": 1000, ""max_depth"": 8, ""min_samples_leaf"": 10, ""max_features"": 0.25, ""seed"": 42}"
block2,extra_trees,51,"{""lag_candidates"": [0, 1, 2, 3, 4, 5, 6], ""k1_topk"": 700, ""redundancy_param"": 1.0, ""dr_method"": ""none"", ""corr_spec"": {""mode"": ""expanding"", ""lam"": null}, ""target_block_set"": [""AR1"", ""Chronos"", ""TSFresh""], ""sample_weight_decay"": 0.99, ""n_estimators"": 2000, ""max_depth"": null, ""min_samples_leaf"": 1, ""max_features"": 0.25, ""seed"": 42}"
block2,extra_trees,52,"{""lag_candidates"": [0, 1, 2, 3, 4, 5, 6], ""k1_topk"": 700, ""redundancy_param"": 1.0, ""dr_method"": ""none"", ""corr_spec"": {""mode"": ""expanding"", ""lam"": null}, ""target_block_set"": [""AR1"", ""Chronos"", ""TSFresh""], ""sample_weight_decay"": 0.99, ""n_estimators"": 2000, ""max_depth"": null, ""min_samples_leaf"": 5, ""max_features"": 0.25, ""seed"": 42}"
block2,extra_trees,53,"{""lag_candidates"": [0, 1, 2, 3, 4, 5, 6], ""k1_topk"": 700, ""redundancy_param"": 1.0, ""dr_method"": ""none"", ""corr_spec"": {""mode"": ""expanding"", ""lam"": null}, ""target_block_set"": [""AR1"", ""Chronos"", ""TSFresh""], ""sample_weight_decay"": 0.99, ""n_estimators"": 2000, ""max_depth"": null, ""min_samples_leaf"": 10, ""max_features"": 0.25, ""seed"": 42}"
block2,extra_trees,54,"{""lag_candidates"": [0, 1, 2, 3, 4, 5, 6], ""k1_topk"": 700, ""redundancy_param"": 1.0, ""dr_method"": ""none"", ""corr_spec"": {""mode"": ""expanding"", ""lam"": null}, ""target_block_set"": [""AR1"", ""Chronos"", ""TSFresh""], ""sample_weight_decay"": 0.99, ""n_estimators"": 2000, ""max_depth"": 4, ""min_samples_leaf"": 1, ""max_features"": 0.25, ""seed"": 42}"
block2,extra_trees,55,"{""lag_candidates"": [0, 1, 2, 3, 4, 5, 6], ""k1_topk"": 700, ""redundancy_param"": 1.0, ""dr_method"": ""none"", ""corr_spec"": {""mode"": ""expanding"", ""lam"": null}, ""target_block_set"": [""AR1"", ""Chronos"", ""TSFresh""], ""sample_weight_decay"": 0.99, ""n_estimators"": 2000, ""max_depth"": 4, ""min_samples_leaf"": 5, ""max_features"": 0.25, ""seed"": 42}"
block2,extra_trees,56,"{""lag_candidates"": [0, 1, 2, 3, 4, 5, 6], ""k1_topk"": 700, ""redundancy_param"": 1.0, ""dr_method"": ""none"", ""corr_spec"": {""mode"": ""expanding"", ""lam"": null}, ""target_block_set"": [""AR1"", ""Chronos"", ""TSFresh""], ""sample_weight_decay"": 0.99, ""n_estimators"": 2000, ""max_depth"": 4, ""min_samples_leaf"": 10, ""max_features"": 0.25, ""seed"": 42}"
block2,extra_trees,57,"{""lag_candidates"": [0, 1, 2, 3, 4, 5, 6], ""k1_topk"": 700, ""redundancy_param"": 1.0, ""dr_method"": ""none"", ""corr_spec"": {""mode"": ""expanding"", ""lam"": null}, ""target_block_set"": [""AR1"", ""Chronos"", ""TSFresh""], ""sample_weight_decay"": 0.99, ""n_estimators"": 2000, ""max_depth"": 8, ""min_samples_leaf"": 1, ""max_features"": 0.25, ""seed"": 42}"
block2,extra_trees,58,"{""lag_candidates"": [0, 1, 2, 3, 4, 5, 6], ""k1_topk"": 700, ""redundancy_param"": 1.0, ""dr_method"": ""none"", ""corr_spec"": {""mode"": ""expanding"", ""lam"": null}, ""target_block_set"": [""AR1"", ""Chronos"", ""TSFresh""], ""sample_weight_decay"": 0.99, ""n_estimators"": 2000, ""max_depth"": 8, ""min_samples_leaf"": 5, ""max_features"": 0.1, ""seed"": 42}"
block2,extra_trees,59,"{""lag_candidates"": [0, 1, 2, 3, 4, 5, 6], ""k1_topk"": 700, ""redundancy_param"": 1.0, ""dr_method"": ""none"", ""corr_spec"": {""mode"": ""expanding"", ""lam"": null}, ""target_block_set"": [""AR1"", ""Chronos"", ""TSFresh""], ""sample_weight_decay"": 0.99, ""n_estimators"": 2000, ""max_depth"": 8, ""min_samples_leaf"": 5, ""max_features"": 0.25, ""seed"": 42}"
block2,extra_trees,60,"{""lag_candidates"": [0, 1, 2, 3, 4, 5, 6], ""k1_topk"": 700, ""redundancy_param"": 1.0, ""dr_method"": ""none"", ""corr_spec"": {""mode"": ""expanding"", ""lam"": null}, ""target_block_set"": [""AR1"", ""Chronos"", ""TSFresh""], ""sample_weight_decay"": 0.99, ""n_estimators"": 2000, ""max_depth"": 8, ""min_samples_leaf"": 10, ""max_features"": 0.25, ""seed"": 42}"
block2,extra_trees,61,"{""lag_candidates"": [0, 1, 2, 3, 4, 5, 6], ""k1_topk"": 700, ""redundancy_param"": 1.0, ""dr_method"": ""pca"", ""pca_kmax"": 30, ""pca_var_target"": 0.99, ""corr_spec"": {""mode"": ""expanding"", ""lam"": null}, ""target_block_set"": [""AR1"", ""Chronos"", ""TSFresh""], ""sample_weight_decay"": null, ""n_estimators"": 500, ""max_depth"": null, ""min_samples_leaf"": 1, ""max_features"": ""sqrt"", ""seed"": 42}"
block2,extra_trees,62,"{""lag_candidates"": [0, 1, 2, 3, 4, 5, 6], ""k1_topk"": 700, ""redundancy_param"": 1.0, ""dr_method"": ""pca"", ""pca_kmax"": 30, ""pca_var_target"": 0.99, ""corr_spec"": {""mode"": ""expanding"", ""lam"": null}, ""target_block_set"": [""AR1"", ""Chronos"", ""TSFresh""], ""sample_weight_decay"": null, ""n_estimators"": 500, ""max_depth"": null, ""min_samples_leaf"": 1, ""max_features"": 0.25, ""seed"": 42}"
block2,extra_trees,63,"{""lag_candidates"": [0, 1, 2, 3, 4, 5, 6], ""k1_topk"": 700, ""redundancy_param"": 1.0, ""dr_method"": ""pca"", ""pca_kmax"": 30, ""pca_var_target"": 0.99, ""corr_spec"": {""mode"": ""expanding"", ""lam"": null}, ""target_block_set"": [""AR1"", ""Chronos"", ""TSFresh""], ""sample_weight_decay"": null, ""n_estimators"": 500, ""max_depth"": null, ""min_samples_leaf"": 5, ""max_features"": 0.25, ""seed"": 42}"
block2,extra_trees,64,"{""lag_candidates"": [0, 1, 2, 3, 4, 5, 6], ""k1_topk"": 700, ""redundancy_param"": 1.0, ""dr_method"": ""pca"", ""pca_kmax"": 30, ""pca_var_target"": 0.99, ""corr_spec"": {""mode"": ""expanding"", ""lam"": null}, ""target_block_set"": [""AR1"", ""Chronos"", ""TSFresh""], ""sample_weight_decay"": null, ""n_estimators"": 500, ""max_depth"": 8, ""min_samples_leaf"": 1, ""max_features"": 0.25, ""seed"": 42}"
block2,extra_trees,65,"{""lag_candidates"": [0, 1, 2, 3, 4, 5, 6], ""k1_topk"": 700, ""redundancy_param"": 1.0, ""dr_method"": ""pca"", ""pca_kmax"": 30, ""pca_var_target"": 0.99, ""corr_spec"": {""mode"": ""expanding"", ""lam"": null}, ""target_block_set"": [""AR1"", ""Chronos"", ""TSFresh""], ""sample_weight_decay"": null, ""n_estimators"": 500, ""max_depth"": 8, ""min_samples_leaf"": 5, ""max_features"": 0.25, ""seed"": 42}"
block2,extra_trees,66,"{""lag_candidates"": [0, 1, 2, 3, 4, 5, 6], ""k1_topk"": 700, ""redundancy_param"": 1.0, ""dr_method"": ""pca"", ""pca_kmax"": 30, ""pca_var_target"": 0.99, ""corr_spec"": {""mode"": ""expanding"", ""lam"": null}, ""target_block_set"": [""AR1"", ""Chronos"", ""TSFresh""], ""sample_weight_decay"": null, ""n_estimators"": 1000, ""max_depth"": null, ""min_samples_leaf"": 1, ""max_features"": ""sqrt"", ""seed"": 42}"
block2,extra_trees,67,"{""lag_candidates"": [0, 1, 2, 3, 4, 5, 6], ""k1_topk"": 700, ""redundancy_param"": 1.0, ""dr_method"": ""pca"", ""pca_kmax"": 30, ""pca_var_target"": 0.99, ""corr_spec"": {""mode"": ""expanding"", ""lam"": null}, ""target_block_set"": [""AR1"", ""Chronos"", ""TSFresh""], ""sample_weight_decay"": null, ""n_estimators"": 1000, ""max_depth"": null, ""min_samples_leaf"": 1, ""max_features"": 0.25, ""seed"": 42}"
block2,extra_trees,68,"{""lag_candidates"": [0, 1, 2, 3, 4, 5, 6], ""k1_topk"": 700, ""redundancy_param"": 1.0, ""dr_method"": ""pca"", ""pca_kmax"": 30, ""pca_var_target"": 0.99, ""corr_spec"": {""mode"": ""expanding"", ""lam"": null}, ""target_block_set"": [""AR1"", ""Chronos"", ""TSFresh""], ""sample_weight_decay"": null, ""n_estimators"": 1000, ""max_depth"": null, ""min_samples_leaf"": 5, ""max_features"": 0.25, ""seed"": 42}"
block2,extra_trees,69,"{""lag_candidates"": [0, 1, 2, 3, 4, 5, 6], ""k1_topk"": 700, ""redundancy_param"": 1.0, ""dr_method"": ""pca"", ""pca_kmax"": 30, ""pca_var_target"": 0.99, ""corr_spec"": {""mode"": ""expanding"", ""lam"": null}, ""target_block_set"": [""AR1"", ""Chronos"", ""TSFresh""], ""sample_weight_decay"": null, ""n_estimators"": 1000, ""max_depth"": 8, ""min_samples_leaf"": 1, ""max_features"": 0.25, ""seed"": 42}"
block2,extra_trees,70,"{""lag_candidates"": [0, 1, 2, 3, 4, 5, 6], ""k1_topk"": 700, ""redundancy_param"": 1.0, ""dr_method"": ""pca"", ""pca_kmax"": 30, ""pca_var_target"": 0.99, ""corr_spec"": {""mode"": ""expanding"", ""lam"": null}, ""target_block_set"": [""AR1"", ""Chronos"", ""TSFresh""], ""sample_weight_decay"": null, ""n_estimators"": 1000, ""max_depth"": 8, ""min_samples_leaf"": 5, ""max_features"": 0.25, ""seed"": 42}"
block2,extra_trees,71,"{""lag_candidates"": [0, 1, 2, 3, 4, 5, 6], ""k1_topk"": 700, ""redundancy_param"": 1.0, ""dr_method"": ""pca"", ""pca_kmax"": 30, ""pca_var_target"": 0.99, ""corr_spec"": {""mode"": ""expanding"", ""lam"": null}, ""target_block_set"": [""AR1"", ""Chronos"", ""TSFresh""], ""sample_weight_decay"": null, ""n_estimators"": 2000, ""max_depth"": null, ""min_samples_leaf"": 1, ""max_features"": ""sqrt"", ""seed"": 42}"
block2,extra_trees,72,"{""lag_candidates"": [0, 1, 2, 3, 4, 5, 6], ""k1_topk"": 700, ""redundancy_param"": 1.0, ""dr_method"": ""pca"", ""pca_kmax"": 30, ""pca_var_target"": 0.99, ""corr_spec"": {""mode"": ""expanding"", ""lam"": null}, ""target_block_set"": [""AR1"", ""Chronos"", ""TSFresh""], ""sample_weight_decay"": null, ""n_estimators"": 2000, ""max_depth"": null, ""min_samples_leaf"": 1, ""max_features"": 0.25, ""seed"": 42}"
block2,extra_trees,73,"{""lag_candidates"": [0, 1, 2, 3, 4, 5, 6], ""k1_topk"": 700, ""redundancy_param"": 1.0, ""dr_method"": ""pca"", ""pca_kmax"": 30, ""pca_var_target"": 0.99, ""corr_spec"": {""mode"": ""expanding"", ""lam"": null}, ""target_block_set"": [""AR1"", ""Chronos"", ""TSFresh""], ""sample_weight_decay"": null, ""n_estimators"": 2000, ""max_depth"": null, ""min_samples_leaf"": 5, ""max_features"": 0.25, ""seed"": 42}"
block2,extra_trees,74,"{""lag_candidates"": [0, 1, 2, 3, 4, 5, 6], ""k1_topk"": 700, ""redundancy_param"": 1.0, ""dr_method"": ""pca"", ""pca_kmax"": 30, ""pca_var_target"": 0.99, ""corr_spec"": {""mode"": ""expanding"", ""lam"": null}, ""target_block_set"": [""AR1"", ""Chronos"", ""TSFresh""], ""sample_weight_decay"": null, ""n_estimators"": 2000, ""max_depth"": 8, ""min_samples_leaf"": 1, ""max_features"": 0.25, ""seed"": 42}"
block2,extra_trees,75,"{""lag_candidates"": [0, 1, 2, 3, 4, 5, 6], ""k1_topk"": 700, ""redundancy_param"": 1.0, ""dr_method"": ""pca"", ""pca_kmax"": 30, ""pca_var_target"": 0.99, ""corr_spec"": {""mode"": ""expanding"", ""lam"": null}, ""target_block_set"": [""AR1"", ""Chronos"", ""TSFresh""], ""sample_weight_decay"": null, ""n_estimators"": 2000, ""max_depth"": 8, ""min_samples_leaf"": 5, ""max_features"": 0.25, ""seed"": 42}"
block2,extra_trees,76,"{""lag_candidates"": [0, 1, 2, 3, 4, 5, 6], ""k1_topk"": 700, ""redundancy_param"": 1.0, ""dr_method"": ""pca"", ""pca_kmax"": 30, ""pca_var_target"": 0.99, ""corr_spec"": {""mode"": ""expanding"", ""lam"": null}, ""target_block_set"": [""AR1"", ""Chronos"", ""TSFresh""], ""sample_weight_decay"": 0.99, ""n_estimators"": 500, ""max_depth"": null, ""min_samples_leaf"": 1, ""max_features"": ""sqrt"", ""seed"": 42}"
block2,extra_trees,77,"{""lag_candidates"": [0, 1, 2, 3, 4, 5, 6], ""k1_topk"": 700, ""redundancy_param"": 1.0, ""dr_method"": ""pca"", ""pca_kmax"": 30, ""pca_var_target"": 0.99, ""corr_spec"": {""mode"": ""expanding"", ""lam"": null}, ""target_block_set"": [""AR1"", ""Chronos"", ""TSFresh""], ""sample_weight_decay"": 0.99, ""n_estimators"": 500, ""max_depth"": null, ""min_samples_leaf"": 1, ""max_features"": 0.1, ""seed"": 42}"
block2,extra_trees,78,"{""lag_candidates"": [0, 1, 2, 3, 4, 5, 6], ""k1_topk"": 700, ""redundancy_param"": 1.0, ""dr_method"": ""pca"", ""pca_kmax"": 30, ""pca_var_target"": 0.99, ""corr_spec"": {""mode"": ""expanding"", ""lam"": null}, ""target_block_set"": [""AR1"", ""Chronos"", ""TSFresh""], ""sample_weight_decay"": 0.99, ""n_estimators"": 500, ""max_depth"": null, ""min_samples_leaf"": 1, ""max_features"": 0.25, ""seed"": 42}"
block2,extra_trees,79,"{""lag_candidates"": [0, 1, 2, 3, 4, 5, 6], ""k1_topk"": 700, ""redundancy_param"": 1.0, ""dr_method"": ""pca"", ""pca_kmax"": 30, ""pca_var_target"": 0.99, ""corr_spec"": {""mode"": ""expanding"", ""lam"": null}, ""target_block_set"": [""AR1"", ""Chronos"", ""TSFresh""], ""sample_weight_decay"": 0.99, ""n_estimators"": 500, ""max_depth"": null, ""min_samples_leaf"": 5, ""max_features"": 0.25, ""seed"": 42}"
block2,extra_trees,80,"{""lag_candidates"": [0, 1, 2, 3, 4, 5, 6], ""k1_topk"": 700, ""redundancy_param"": 1.0, ""dr_method"": ""pca"", ""pca_kmax"": 30, ""pca_var_target"": 0.99, ""corr_spec"": {""mode"": ""expanding"", ""lam"": null}, ""target_block_set"": [""AR1"", ""Chronos"", ""TSFresh""], ""sample_weight_decay"": 0.99, ""n_estimators"": 500, ""max_depth"": 8, ""min_samples_leaf"": 1, ""max_features"": 0.25, ""seed"": 42}"
block2,extra_trees,81,"{""lag_candidates"": [0, 1, 2, 3, 4, 5, 6], ""k1_topk"": 700, ""redundancy_param"": 1.0, ""dr_method"": ""pca"", ""pca_kmax"": 30, ""pca_var_target"": 0.99, ""corr_spec"": {""mode"": ""expanding"", ""lam"": null}, ""target_block_set"": [""AR1"", ""Chronos"", ""TSFresh""], ""sample_weight_decay"": 0.99, ""n_estimators"": 500, ""max_depth"": 8, ""min_samples_leaf"": 5, ""max_features"": 0.25, ""seed"": 42}"
block2,extra_trees,82,"{""lag_candidates"": [0, 1, 2, 3, 4, 5, 6], ""k1_topk"": 700, ""redundancy_param"": 1.0, ""dr_method"": ""pca"", ""pca_kmax"": 30, ""pca_var_target"": 0.99, ""corr_spec"": {""mode"": ""expanding"", ""lam"": null}, ""target_block_set"": [""AR1"", ""Chronos"", ""TSFresh""], ""sample_weight_decay"": 0.99, ""n_estimators"": 1000, ""max_depth"": null, ""min_samples_leaf"": 1, ""max_features"": ""sqrt"", ""seed"": 42}"
block2,extra_trees,83,"{""lag_candidates"": [0, 1, 2, 3, 4, 5, 6], ""k1_topk"": 700, ""redundancy_param"": 1.0, ""dr_method"": ""pca"", ""pca_kmax"": 30, ""pca_var_target"": 0.99, ""corr_spec"": {""mode"": ""expanding"", ""lam"": null}, ""target_block_set"": [""AR1"", ""Chronos"", ""TSFresh""], ""sample_weight_decay"": 0.99, ""n_estimators"": 1000, ""max_depth"": null, ""min_samples_leaf"": 1, ""max_features"": 0.1, ""seed"": 42}"
block2,extra_trees,84,"{""lag_candidates"": [0, 1, 2, 3, 4, 5, 6], ""k1_topk"": 700, ""redundancy_param"": 1.0, ""dr_method"": ""pca"", ""pca_kmax"": 30, ""pca_var_target"": 0.99, ""corr_spec"": {""mode"": ""expanding"", ""lam"": null}, ""target_block_set"": [""AR1"", ""Chronos"", ""TSFresh""], ""sample_weight_decay"": 0.99, ""n_estimators"": 1000, ""max_depth"": null, ""min_samples_leaf"": 1, ""max_features"": 0.25, ""seed"": 42}"
block2,extra_trees,85,"{""lag_candidates"": [0, 1, 2, 3, 4, 5, 6], ""k1_topk"": 700, ""redundancy_param"": 1.0, ""dr_method"": ""pca"", ""pca_kmax"": 30, ""pca_var_target"": 0.99, ""corr_spec"": {""mode"": ""expanding"", ""lam"": null}, ""target_block_set"": [""AR1"", ""Chronos"", ""TSFresh""], ""sample_weight_decay"": 0.99, ""n_estimators"": 1000, ""max_depth"": null, ""min_samples_leaf"": 5, ""max_features"": 0.25, ""seed"": 42}"
block2,extra_trees,86,"{""lag_candidates"": [0, 1, 2, 3, 4, 5, 6], ""k1_topk"": 700, ""redundancy_param"": 1.0, ""dr_method"": ""pca"", ""pca_kmax"": 30, ""pca_var_target"": 0.99, ""corr_spec"": {""mode"": ""expanding"", ""lam"": null}, ""target_block_set"": [""AR1"", ""Chronos"", ""TSFresh""], ""sample_weight_decay"": 0.99, ""n_estimators"": 1000, ""max_depth"": 8, ""min_samples_leaf"": 1, ""max_features"": 0.25, ""seed"": 42}"
block2,extra_trees,87,"{""lag_candidates"": [0, 1, 2, 3, 4, 5, 6], ""k1_topk"": 700, ""redundancy_param"": 1.0, ""dr_method"": ""pca"", ""pca_kmax"": 30, ""pca_var_target"": 0.99, ""corr_spec"": {""mode"": ""expanding"", ""lam"": null}, ""target_block_set"": [""AR1"", ""Chronos"", ""TSFresh""], ""sample_weight_decay"": 0.99, ""n_estimators"": 1000, ""max_depth"": 8, ""min_samples_leaf"": 5, ""max_features"": 0.25, ""seed"": 42}"
block2,extra_trees,88,"{""lag_candidates"": [0, 1, 2, 3, 4, 5, 6], ""k1_topk"": 700, ""redundancy_param"": 1.0, ""dr_method"": ""pca"", ""pca_kmax"": 30, ""pca_var_target"": 0.99, ""corr_spec"": {""mode"": ""expanding"", ""lam"": null}, ""target_block_set"": [""AR1"", ""Chronos"", ""TSFresh""], ""sample_weight_decay"": 0.99, ""n_estimators"": 2000, ""max_depth"": null, ""min_samples_leaf"": 1, ""max_features"": ""sqrt"", ""seed"": 42}"
block2,extra_trees,89,"{""lag_candidates"": [0, 1, 2, 3, 4, 5, 6], ""k1_topk"": 700, ""redundancy_param"": 1.0, ""dr_method"": ""pca"", ""pca_kmax"": 30, ""pca_var_target"": 0.99, ""corr_spec"": {""mode"": ""expanding"", ""lam"": null}, ""target_block_set"": [""AR1"", ""Chronos"", ""TSFresh""], ""sample_weight_decay"": 0.99, ""n_estimators"": 2000, ""max_depth"": null, ""min_samples_leaf"": 1, ""max_features"": 0.1, ""seed"": 42}"
block2,extra_trees,90,"{""lag_candidates"": [0, 1, 2, 3, 4, 5, 6], ""k1_topk"": 700, ""redundancy_param"": 1.0, ""dr_method"": ""pca"", ""pca_kmax"": 30, ""pca_var_target"": 0.99, ""corr_spec"": {""mode"": ""expanding"", ""lam"": null}, ""target_block_set"": [""AR1"", ""Chronos"", ""TSFresh""], ""sample_weight_decay"": 0.99, ""n_estimators"": 2000, ""max_depth"": null, ""min_samples_leaf"": 1, ""max_features"": 0.25, ""seed"": 42}"
block2,extra_trees,91,"{""lag_candidates"": [0, 1, 2, 3, 4, 5, 6], ""k1_topk"": 700, ""redundancy_param"": 1.0, ""dr_method"": ""pca"", ""pca_kmax"": 30, ""pca_var_target"": 0.99, ""corr_spec"": {""mode"": ""expanding"", ""lam"": null}, ""target_block_set"": [""AR1"", ""Chronos"", ""TSFresh""], ""sample_weight_decay"": 0.99, ""n_estimators"": 2000, ""max_depth"": null, ""min_samples_leaf"": 5, ""max_features"": 0.25, ""seed"": 42}"
block2,extra_trees,92,"{""lag_candidates"": [0, 1, 2, 3, 4, 5, 6], ""k1_topk"": 700, ""redundancy_param"": 1.0, ""dr_method"": ""pca"", ""pca_kmax"": 30, ""pca_var_target"": 0.99, ""corr_spec"": {""mode"": ""expanding"", ""lam"": null}, ""target_block_set"": [""AR1"", ""Chronos"", ""TSFresh""], ""sample_weight_decay"": 0.99, ""n_estimators"": 2000, ""max_depth"": 8, ""min_samples_leaf"": 1, ""max_features"": 0.25, ""seed"": 42}"
block2,extra_trees,93,"{""lag_candidates"": [0, 1, 2, 3, 4, 5, 6], ""k1_topk"": 700, ""redundancy_param"": 1.0, ""dr_method"": ""pca"", ""pca_kmax"": 30, ""pca_var_target"": 0.99, ""corr_spec"": {""mode"": ""expanding"", ""lam"": null}, ""target_block_set"": [""AR1"", ""Chronos"", ""TSFresh""], ""sample_weight_decay"": 0.99, ""n_estimators"": 2000, ""max_depth"": 8, ""min_samples_leaf"": 5, ""max_features"": 0.25, ""seed"": 42}"
block2,extra_trees,94,"{""lag_candidates"": [0, 1, 2, 3, 4, 5, 6], ""k1_topk"": 700, ""redundancy_param"": 1.0, ""dr_method"": ""none"", ""corr_spec"": {""mode"": ""ewma"", ""lam"": 0.98}, ""target_block_set"": [""AR1"", ""Chronos"", ""TSFresh""], ""sample_weight_decay"": null, ""n_estimators"": 500, ""max_depth"": null, ""min_samples_leaf"": 1, ""max_features"": ""sqrt"", ""seed"": 42}"
block2,extra_trees,95,"{""lag_candidates"": [0, 1, 2, 3, 4, 5, 6], ""k1_topk"": 700, ""redundancy_param"": 1.0, ""dr_method"": ""none"", ""corr_spec"": {""mode"": ""ewma"", ""lam"": 0.98}, ""target_block_set"": [""AR1"", ""Chronos"", ""TSFresh""], ""sample_weight_decay"": null, ""n_estimators"": 500, ""max_depth"": null, ""min_samples_leaf"": 1, ""max_features"": 0.1, ""seed"": 42}"
block2,extra_trees,96,"{""lag_candidates"": [0, 1, 2, 3, 4, 5, 6], ""k1_topk"": 700, ""redundancy_param"": 1.0, ""dr_method"": ""none"", ""corr_spec"": {""mode"": ""ewma"", ""lam"": 0.98}, ""target_block_set"": [""AR1"", ""Chronos"", ""TSFresh""], ""sample_weight_decay"": null, ""n_estimators"": 500, ""max_depth"": null, ""min_samples_leaf"": 1, ""max_features"": 0.25, ""seed"": 42}"
block2,extra_trees,97,"{""lag_candidates"": [0, 1, 2, 3, 4, 5, 6], ""k1_topk"": 700, ""redundancy_param"": 1.0, ""dr_method"": ""none"", ""corr_spec"": {""mode"": ""ewma"", ""lam"": 0.98}, ""target_block_set"": [""AR1"", ""Chronos"", ""TSFresh""], ""sample_weight_decay"": null, ""n_estimators"": 500, ""max_depth"": null, ""min_samples_leaf"": 5, ""max_features"": 0.1, ""seed"": 42}"
block2,extra_trees,98,"{""lag_candidates"": [0, 1, 2, 3, 4, 5, 6], ""k1_topk"": 700, ""redundancy_param"": 1.0, ""dr_method"": ""none"", ""corr_spec"": {""mode"": ""ewma"", ""lam"": 0.98}, ""target_block_set"": [""AR1"", ""Chronos"", ""TSFresh""], ""sample_weight_decay"": null, ""n_estimators"": 500, ""max_depth"": null, ""min_samples_leaf"": 5, ""max_features"": 0.25, ""seed"": 42}"
block2,extra_trees,99,"{""lag_candidates"": [0, 1, 2, 3, 4, 5, 6], ""k1_topk"": 700, ""redundancy_param"": 1.0, ""dr_method"": ""none"", ""corr_spec"": {""mode"": ""ewma"", ""lam"": 0.98}, ""target_block_set"": [""AR1"", ""Chronos"", ""TSFresh""], ""sample_weight_decay"": null, ""n_estimators"": 500, ""max_depth"": null, ""min_samples_leaf"": 10, ""max_features"": 0.1, ""seed"": 42}"
block2,extra_trees,100,"{""lag_candidates"": [0, 1, 2, 3, 4, 5, 6], ""k1_topk"": 700, ""redundancy_param"": 1.0, ""dr_method"": ""none"", ""corr_spec"": {""mode"": ""ewma"", ""lam"": 0.98}, ""target_block_set"": [""AR1"", ""Chronos"", ""TSFresh""], ""sample_weight_decay"": null, ""n_estimators"": 500, ""max_depth"": null, ""min_samples_leaf"": 10, ""max_features"": 0.25, ""seed"": 42}"
block2,extra_trees,101,"{""lag_candidates"": [0, 1, 2, 3, 4, 5, 6], ""k1_topk"": 700, ""redundancy_param"": 1.0, ""dr_method"": ""none"", ""corr_spec"": {""mode"": ""ewma"", ""lam"": 0.98}, ""target_block_set"": [""AR1"", ""Chronos"", ""TSFresh""], ""sample_weight_decay"": null, ""n_estimators"": 500, ""max_depth"": 4, ""min_samples_leaf"": 1, ""max_features"": 0.1, ""seed"": 42}"
block2,extra_trees,102,"{""lag_candidates"": [0, 1, 2, 3, 4, 5, 6], ""k1_topk"": 700, ""redundancy_param"": 1.0, ""dr_method"": ""none"", ""corr_spec"": {""mode"": ""ewma"", ""lam"": 0.98}, ""target_block_set"": [""AR1"", ""Chronos"", ""TSFresh""], ""sample_weight_decay"": null, ""n_estimators"": 500, ""max_depth"": 4, ""min_samples_leaf"": 1, ""max_features"": 0.25, ""seed"": 42}"
block2,extra_trees,103,"{""lag_candidates"": [0, 1, 2, 3, 4, 5, 6], ""k1_topk"": 700, ""redundancy_param"": 1.0, ""dr_method"": ""none"", ""corr_spec"": {""mode"": ""ewma"", ""lam"": 0.98}, ""target_block_set"": [""AR1"", ""Chronos"", ""TSFresh""], ""sample_weight_decay"": null, ""n_estimators"": 500, ""max_depth"": 4, ""min_samples_leaf"": 5, ""max_features"": 0.25, ""seed"": 42}"
block2,extra_trees,104,"{""lag_candidates"": [0, 1, 2, 3, 4, 5, 6], ""k1_topk"": 700, ""redundancy_param"": 1.0, ""dr_method"": ""none"", ""corr_spec"": {""mode"": ""ewma"", ""lam"": 0.98}, ""target_block_set"": [""AR1"", ""Chronos"", ""TSFresh""], ""sample_weight_decay"": null, ""n_estimators"": 500, ""max_depth"": 4, ""min_samples_leaf"": 10, ""max_features"": 0.25, ""seed"": 42}"
block2,extra_trees,105,"{""lag_candidates"": [0, 1, 2, 3, 4, 5, 6], ""k1_topk"": 700, ""redundancy_param"": 1.0, ""dr_method"": ""none"", ""corr_spec"": {""mode"": ""ewma"", ""lam"": 0.98}, ""target_block_set"": [""AR1"", ""Chronos"", ""TSFresh""], ""sample_weight_decay"": null, ""n_estimators"": 500, ""max_depth"": 8, ""min_samples_leaf"": 1, ""max_features"": ""sqrt"", ""seed"": 42}"
block2,extra_trees,106,"{""lag_candidates"": [0, 1, 2, 3, 4, 5, 6], ""k1_topk"": 700, ""redundancy_param"": 1.0, ""dr_method"": ""none"", ""corr_spec"": {""mode"": ""ewma"", ""lam"": 0.98}, ""target_block_set"": [""AR1"", ""Chronos"", ""TSFresh""], ""sample_weight_decay"": null, ""n_estimators"": 500, ""max_depth"": 8, ""min_samples_leaf"": 1, ""max_features"": 0.1, ""seed"": 42}"
block2,extra_trees,107,"{""lag_candidates"": [0, 1, 2, 3, 4, 5, 6], ""k1_topk"": 700, ""redundancy_param"": 1.0, ""dr_method"": ""none"", ""corr_spec"": {""mode"": ""ewma"", ""lam"": 0.98}, ""target_block_set"": [""AR1"", ""Chronos"", ""TSFresh""], ""sample_weight_decay"": null, ""n_estimators"": 500, ""max_depth"": 8, ""min_samples_leaf"": 1, ""max_features"": 0.25, ""seed"": 42}"
block2,extra_trees,108,"{""lag_candidates"": [0, 1, 2, 3, 4, 5, 6], ""k1_topk"": 700, ""redundancy_param"": 1.0, ""dr_method"": ""none"", ""corr_spec"": {""mode"": ""ewma"", ""lam"": 0.98}, ""target_block_set"": [""AR1"", ""Chronos"", ""TSFresh""], ""sample_weight_decay"": null, ""n_estimators"": 500, ""max_depth"": 8, ""min_samples_leaf"": 5, ""max_features"": 0.1, ""seed"": 42}"
block2,extra_trees,109,"{""lag_candidates"": [0, 1, 2, 3, 4, 5, 6], ""k1_topk"": 700, ""redundancy_param"": 1.0, ""dr_method"": ""none"", ""corr_spec"": {""mode"": ""ewma"", ""lam"": 0.98}, ""target_block_set"": [""AR1"", ""Chronos"", ""TSFresh""], ""sample_weight_decay"": null, ""n_estimators"": 500, ""max_depth"": 8, ""min_samples_leaf"": 5, ""max_features"": 0.25, ""seed"": 42}"
block2,extra_trees,110,"{""lag_candidates"": [0, 1, 2, 3, 4, 5, 6], ""k1_topk"": 700, ""redundancy_param"": 1.0, ""dr_method"": ""none"", ""corr_spec"": {""mode"": ""ewma"", ""lam"": 0.98}, ""target_block_set"": [""AR1"", ""Chronos"", ""TSFresh""], ""sample_weight_decay"": null, ""n_estimators"": 500, ""max_depth"": 8, ""min_samples_leaf"": 10, ""max_features"": 0.25, ""seed"": 42}"
block2,extra_trees,111,"{""lag_candidates"": [0, 1, 2, 3, 4, 5, 6], ""k1_topk"": 700, ""redundancy_param"": 1.0, ""dr_method"": ""none"", ""corr_spec"": {""mode"": ""ewma"", ""lam"": 0.98}, ""target_block_set"": [""AR1"", ""Chronos"", ""TSFresh""], ""sample_weight_decay"": null, ""n_estimators"": 1000, ""max_depth"": null, ""min_samples_leaf"": 1, ""max_features"": ""sqrt"", ""seed"": 42}"
block2,extra_trees,112,"{""lag_candidates"": [0, 1, 2, 3, 4, 5, 6], ""k1_topk"": 700, ""redundancy_param"": 1.0, ""dr_method"": ""none"", ""corr_spec"": {""mode"": ""ewma"", ""lam"": 0.98}, ""target_block_set"": [""AR1"", ""Chronos"", ""TSFresh""], ""sample_weight_decay"": null, ""n_estimators"": 1000, ""max_depth"": null, ""min_samples_leaf"": 1, ""max_features"": 0.1, ""seed"": 42}"
block2,extra_trees,113,"{""lag_candidates"": [0, 1, 2, 3, 4, 5, 6], ""k1_topk"": 700, ""redundancy_param"": 1.0, ""dr_method"": ""none"", ""corr_spec"": {""mode"": ""ewma"", ""lam"": 0.98}, ""target_block_set"": [""AR1"", ""Chronos"", ""TSFresh""], ""sample_weight_decay"": null, ""n_estimators"": 1000, ""max_depth"": null, ""min_samples_leaf"": 1, ""max_features"": 0.25, ""seed"": 42}"
block2,extra_trees,114,"{""lag_candidates"": [0, 1, 2, 3, 4, 5, 6], ""k1_topk"": 700, ""redundancy_param"": 1.0, ""dr_method"": ""none"", ""corr_spec"": {""mode"": ""ewma"", ""lam"": 0.98}, ""target_block_set"": [""AR1"", ""Chronos"", ""TSFresh""], ""sample_weight_decay"": null, ""n_estimators"": 1000, ""max_depth"": null, ""min_samples_leaf"": 5, ""max_features"": 0.1, ""seed"": 42}"
block2,extra_trees,115,"{""lag_candidates"": [0, 1, 2, 3, 4, 5, 6], ""k1_topk"": 700, ""redundancy_param"": 1.0, ""dr_method"": ""none"", ""corr_spec"": {""mode"": ""ewma"", ""lam"": 0.98}, ""target_block_set"": [""AR1"", ""Chronos"", ""TSFresh""], ""sample_weight_decay"": null, ""n_estimators"": 1000, ""max_depth"": null, ""min_samples_leaf"": 5, ""max_features"": 0.25, ""seed"": 42}"
block2,extra_trees,116,"{""lag_candidates"": [0, 1, 2, 3, 4, 5, 6], ""k1_topk"": 700, ""redundancy_param"": 1.0, ""dr_method"": ""none"", ""corr_spec"": {""mode"": ""ewma"", ""lam"": 0.98}, ""target_block_set"": [""AR1"", ""Chronos"", ""TSFresh""], ""sample_weight_decay"": null, ""n_estimators"": 1000, ""max_depth"": null, ""min_samples_leaf"": 10, ""max_features"": 0.25, ""seed"": 42}"
block2,extra_trees,117,"{""lag_candidates"": [0, 1, 2, 3, 4, 5, 6], ""k1_topk"": 700, ""redundancy_param"": 1.0, ""dr_method"": ""none"", ""corr_spec"": {""mode"": ""ewma"", ""lam"": 0.98}, ""target_block_set"": [""AR1"", ""Chronos"", ""TSFresh""], ""sample_weight_decay"": null, ""n_estimators"": 1000, ""max_depth"": 4, ""min_samples_leaf"": 1, ""max_features"": 0.25, ""seed"": 42}"
block2,extra_trees,118,"{""lag_candidates"": [0, 1, 2, 3, 4, 5, 6], ""k1_topk"": 700, ""redundancy_param"": 1.0, ""dr_method"": ""none"", ""corr_spec"": {""mode"": ""ewma"", ""lam"": 0.98}, ""target_block_set"": [""AR1"", ""Chronos"", ""TSFresh""], ""sample_weight_decay"": null, ""n_estimators"": 1000, ""max_depth"": 4, ""min_samples_leaf"": 5, ""max_features"": 0.25, ""seed"": 42}"
block2,extra_trees,119,"{""lag_candidates"": [0, 1, 2, 3, 4, 5, 6], ""k1_topk"": 700, ""redundancy_param"": 1.0, ""dr_method"": ""none"", ""corr_spec"": {""mode"": ""ewma"", ""lam"": 0.98}, ""target_block_set"": [""AR1"", ""Chronos"", ""TSFresh""], ""sample_weight_decay"": null, ""n_estimators"": 1000, ""max_depth"": 4, ""min_samples_leaf"": 10, ""max_features"": 0.25, ""seed"": 42}"
block2,extra_trees,120,"{""lag_candidates"": [0, 1, 2, 3, 4, 5, 6], ""k1_topk"": 700, ""redundancy_param"": 1.0, ""dr_method"": ""none"", ""corr_spec"": {""mode"": ""ewma"", ""lam"": 0.98}, ""target_block_set"": [""AR1"", ""Chronos"", ""TSFresh""], ""sample_weight_decay"": null, ""n_estimators"": 1000, ""max_depth"": 8, ""min_samples_leaf"": 1, ""max_features"": ""sqrt"", ""seed"": 42}"
block2,extra_trees,121,"{""lag_candidates"": [0, 1, 2, 3, 4, 5, 6], ""k1_topk"": 700, ""redundancy_param"": 1.0, ""dr_method"": ""none"", ""corr_spec"": {""mode"": ""ewma"", ""lam"": 0.98}, ""target_block_set"": [""AR1"", ""Chronos"", ""TSFresh""], ""sample_weight_decay"": null, ""n_estimators"": 1000, ""max_depth"": 8, ""min_samples_leaf"": 1, ""max_features"": 0.1, ""seed"": 42}"
block2,extra_trees,122,"{""lag_candidates"": [0, 1, 2, 3, 4, 5, 6], ""k1_topk"": 700, ""redundancy_param"": 1.0, ""dr_method"": ""none"", ""corr_spec"": {""mode"": ""ewma"", ""lam"": 0.98}, ""target_block_set"": [""AR1"", ""Chronos"", ""TSFresh""], ""sample_weight_decay"": null, ""n_estimators"": 1000, ""max_depth"": 8, ""min_samples_leaf"": 1, ""max_features"": 0.25, ""seed"": 42}"
block2,extra_trees,123,"{""lag_candidates"": [0, 1, 2, 3, 4, 5, 6], ""k1_topk"": 700, ""redundancy_param"": 1.0, ""dr_method"": ""none"", ""corr_spec"": {""mode"": ""ewma"", ""lam"": 0.98}, ""target_block_set"": [""AR1"", ""Chronos"", ""TSFresh""], ""sample_weight_decay"": null, ""n_estimators"": 1000, ""max_depth"": 8, ""min_samples_leaf"": 5, ""max_features"": 0.1, ""seed"": 42}"
block2,extra_trees,124,"{""lag_candidates"": [0, 1, 2, 3, 4, 5, 6], ""k1_topk"": 700, ""redundancy_param"": 1.0, ""dr_method"": ""none"", ""corr_spec"": {""mode"": ""ewma"", ""lam"": 0.98}, ""target_block_set"": [""AR1"", ""Chronos"", ""TSFresh""], ""sample_weight_decay"": null, ""n_estimators"": 1000, ""max_depth"": 8, ""min_samples_leaf"": 5, ""max_features"": 0.25, ""seed"": 42}"
block2,extra_trees,125,"{""lag_candidates"": [0, 1, 2, 3, 4, 5, 6], ""k1_topk"": 700, ""redundancy_param"": 1.0, ""dr_method"": ""none"", ""corr_spec"": {""mode"": ""ewma"", ""lam"": 0.98}, ""target_block_set"": [""AR1"", ""Chronos"", ""TSFresh""], ""sample_weight_decay"": null, ""n_estimators"": 1000, ""max_depth"": 8, ""min_samples_leaf"": 10, ""max_features"": 0.25, ""seed"": 42}"
block2,extra_trees,126,"{""lag_candidates"": [0, 1, 2, 3, 4, 5, 6], ""k1_topk"": 700, ""redundancy_param"": 1.0, ""dr_method"": ""none"", ""corr_spec"": {""mode"": ""ewma"", ""lam"": 0.98}, ""target_block_set"": [""AR1"", ""Chronos"", ""TSFresh""], ""sample_weight_decay"": null, ""n_estimators"": 2000, ""max_depth"": null, ""min_samples_leaf"": 1, ""max_features"": ""sqrt"", ""seed"": 42}"
block2,extra_trees,127,"{""lag_candidates"": [0, 1, 2, 3, 4, 5, 6], ""k1_topk"": 700, ""redundancy_param"": 1.0, ""dr_method"": ""none"", ""corr_spec"": {""mode"": ""ewma"", ""lam"": 0.98}, ""target_block_set"": [""AR1"", ""Chronos"", ""TSFresh""], ""sample_weight_decay"": null, ""n_estimators"": 2000, ""max_depth"": null, ""min_samples_leaf"": 1, ""max_features"": 0.1, ""seed"": 42}"
block2,extra_trees,128,"{""lag_candidates"": [0, 1, 2, 3, 4, 5, 6], ""k1_topk"": 700, ""redundancy_param"": 1.0, ""dr_method"": ""none"", ""corr_spec"": {""mode"": ""ewma"", ""lam"": 0.98}, ""target_block_set"": [""AR1"", ""Chronos"", ""TSFresh""], ""sample_weight_decay"": null, ""n_estimators"": 2000, ""max_depth"": null, ""min_samples_leaf"": 1, ""max_features"": 0.25, ""seed"": 42}"
block2,extra_trees,129,"{""lag_candidates"": [0, 1, 2, 3, 4, 5, 6], ""k1_topk"": 700, ""redundancy_param"": 1.0, ""dr_method"": ""none"", ""corr_spec"": {""mode"": ""ewma"", ""lam"": 0.98}, ""target_block_set"": [""AR1"", ""Chronos"", ""TSFresh""], ""sample_weight_decay"": null, ""n_estimators"": 2000, ""max_depth"": null, ""min_samples_leaf"": 5, ""max_features"": 0.1, ""seed"": 42}"
block2,extra_trees,130,"{""lag_candidates"": [0, 1, 2, 3, 4, 5, 6], ""k1_topk"": 700, ""redundancy_param"": 1.0, ""dr_method"": ""none"", ""corr_spec"": {""mode"": ""ewma"", ""lam"": 0.98}, ""target_block_set"": [""AR1"", ""Chronos"", ""TSFresh""], ""sample_weight_decay"": null, ""n_estimators"": 2000, ""max_depth"": null, ""min_samples_leaf"": 5, ""max_features"": 0.25, ""seed"": 42}"
block2,extra_trees,131,"{""lag_candidates"": [0, 1, 2, 3, 4, 5, 6], ""k1_topk"": 700, ""redundancy_param"": 1.0, ""dr_method"": ""none"", ""corr_spec"": {""mode"": ""ewma"", ""lam"": 0.98}, ""target_block_set"": [""AR1"", ""Chronos"", ""TSFresh""], ""sample_weight_decay"": null, ""n_estimators"": 2000, ""max_depth"": null, ""min_samples_leaf"": 10, ""max_features"": 0.1, ""seed"": 42}"
block2,extra_trees,132,"{""lag_candidates"": [0, 1, 2, 3, 4, 5, 6], ""k1_topk"": 700, ""redundancy_param"": 1.0, ""dr_method"": ""none"", ""corr_spec"": {""mode"": ""ewma"", ""lam"": 0.98}, ""target_block_set"": [""AR1"", ""Chronos"", ""TSFresh""], ""sample_weight_decay"": null, ""n_estimators"": 2000, ""max_depth"": null, ""min_samples_leaf"": 10, ""max_features"": 0.25, ""seed"": 42}"
block2,extra_trees,133,"{""lag_candidates"": [0, 1, 2, 3, 4, 5, 6], ""k1_topk"": 700, ""redundancy_param"": 1.0, ""dr_method"": ""none"", ""corr_spec"": {""mode"": ""ewma"", ""lam"": 0.98}, ""target_block_set"": [""AR1"", ""Chronos"", ""TSFresh""], ""sample_weight_decay"": null, ""n_estimators"": 2000, ""max_depth"": 4, ""min_samples_leaf"": 1, ""max_features"": 0.25, ""seed"": 42}"
block2,extra_trees,134,"{""lag_candidates"": [0, 1, 2, 3, 4, 5, 6], ""k1_topk"": 700, ""redundancy_param"": 1.0, ""dr_method"": ""none"", ""corr_spec"": {""mode"": ""ewma"", ""lam"": 0.98}, ""target_block_set"": [""AR1"", ""Chronos"", ""TSFresh""], ""sample_weight_decay"": null, ""n_estimators"": 2000, ""max_depth"": 4, ""min_samples_leaf"": 5, ""max_features"": 0.25, ""seed"": 42}"
block2,extra_trees,135,"{""lag_candidates"": [0, 1, 2, 3, 4, 5, 6], ""k1_topk"": 700, ""redundancy_param"": 1.0, ""dr_method"": ""none"", ""corr_spec"": {""mode"": ""ewma"", ""lam"": 0.98}, ""target_block_set"": [""AR1"", ""Chronos"", ""TSFresh""], ""sample_weight_decay"": null, ""n_estimators"": 2000, ""max_depth"": 4, ""min_samples_leaf"": 10, ""max_features"": 0.25, ""seed"": 42}"
block2,extra_trees,136,"{""lag_candidates"": [0, 1, 2, 3, 4, 5, 6], ""k1_topk"": 700, ""redundancy_param"": 1.0, ""dr_method"": ""none"", ""corr_spec"": {""mode"": ""ewma"", ""lam"": 0.98}, ""target_block_set"": [""AR1"", ""Chronos"", ""TSFresh""], ""sample_weight_decay"": null, ""n_estimators"": 2000, ""max_depth"": 8, ""min_samples_leaf"": 1, ""max_features"": ""sqrt"", ""seed"": 42}"
block2,extra_trees,137,"{""lag_candidates"": [0, 1, 2, 3, 4, 5, 6], ""k1_topk"": 700, ""redundancy_param"": 1.0, ""dr_method"": ""none"", ""corr_spec"": {""mode"": ""ewma"", ""lam"": 0.98}, ""target_block_set"": [""AR1"", ""Chronos"", ""TSFresh""], ""sample_weight_decay"": null, ""n_estimators"": 2000, ""max_depth"": 8, ""min_samples_leaf"": 1, ""max_features"": 0.1, ""seed"": 42}"
block2,extra_trees,138,"{""lag_candidates"": [0, 1, 2, 3, 4, 5, 6], ""k1_topk"": 700, ""redundancy_param"": 1.0, ""dr_method"": ""none"", ""corr_spec"": {""mode"": ""ewma"", ""lam"": 0.98}, ""target_block_set"": [""AR1"", ""Chronos"", ""TSFresh""], ""sample_weight_decay"": null, ""n_estimators"": 2000, ""max_depth"": 8, ""min_samples_leaf"": 1, ""max_features"": 0.25, ""seed"": 42}"
block2,extra_trees,139,"{""lag_candidates"": [0, 1, 2, 3, 4, 5, 6], ""k1_topk"": 700, ""redundancy_param"": 1.0, ""dr_method"": ""none"", ""corr_spec"": {""mode"": ""ewma"", ""lam"": 0.98}, ""target_block_set"": [""AR1"", ""Chronos"", ""TSFresh""], ""sample_weight_decay"": null, ""n_estimators"": 2000, ""max_depth"": 8, ""min_samples_leaf"": 5, ""max_features"": 0.1, ""seed"": 42}"
block2,extra_trees,140,"{""lag_candidates"": [0, 1, 2, 3, 4, 5, 6], ""k1_topk"": 700, ""redundancy_param"": 1.0, ""dr_method"": ""none"", ""corr_spec"": {""mode"": ""ewma"", ""lam"": 0.98}, ""target_block_set"": [""AR1"", ""Chronos"", ""TSFresh""], ""sample_weight_decay"": null, ""n_estimators"": 2000, ""max_depth"": 8, ""min_samples_leaf"": 5, ""max_features"": 0.25, ""seed"": 42}"
block2,extra_trees,141,"{""lag_candidates"": [0, 1, 2, 3, 4, 5, 6], ""k1_topk"": 700, ""redundancy_param"": 1.0, ""dr_method"": ""none"", ""corr_spec"": {""mode"": ""ewma"", ""lam"": 0.98}, ""target_block_set"": [""AR1"", ""Chronos"", ""TSFresh""], ""sample_weight_decay"": null, ""n_estimators"": 2000, ""max_depth"": 8, ""min_samples_leaf"": 10, ""max_features"": 0.1, ""seed"": 42}"
block2,extra_trees,142,"{""lag_candidates"": [0, 1, 2, 3, 4, 5, 6], ""k1_topk"": 700, ""redundancy_param"": 1.0, ""dr_method"": ""none"", ""corr_spec"": {""mode"": ""ewma"", ""lam"": 0.98}, ""target_block_set"": [""AR1"", ""Chronos"", ""TSFresh""], ""sample_weight_decay"": null, ""n_estimators"": 2000, ""max_depth"": 8, ""min_samples_leaf"": 10, ""max_features"": 0.25, ""seed"": 42}"
block2,extra_trees,143,"{""lag_candidates"": [0, 1, 2, 3, 4, 5, 6], ""k1_topk"": 700, ""redundancy_param"": 1.0, ""dr_method"": ""none"", ""corr_spec"": {""mode"": ""ewma"", ""lam"": 0.98}, ""target_block_set"": [""AR1"", ""Chronos"", ""TSFresh""], ""sample_weight_decay"": 0.99, ""n_estimators"": 500, ""max_depth"": null, ""min_samples_leaf"": 1, ""max_features"": ""sqrt"", ""seed"": 42}"
block2,extra_trees,144,"{""lag_candidates"": [0, 1, 2, 3, 4, 5, 6], ""k1_topk"": 700, ""redundancy_param"": 1.0, ""dr_method"": ""none"", ""corr_spec"": {""mode"": ""ewma"", ""lam"": 0.98}, ""target_block_set"": [""AR1"", ""Chronos"", ""TSFresh""], ""sample_weight_decay"": 0.99, ""n_estimators"": 500, ""max_depth"": null, ""min_samples_leaf"": 1, ""max_features"": 0.1, ""seed"": 42}"
block2,extra_trees,145,"{""lag_candidates"": [0, 1, 2, 3, 4, 5, 6], ""k1_topk"": 700, ""redundancy_param"": 1.0, ""dr_method"": ""none"", ""corr_spec"": {""mode"": ""ewma"", ""lam"": 0.98}, ""target_block_set"": [""AR1"", ""Chronos"", ""TSFresh""], ""sample_weight_decay"": 0.99, ""n_estimators"": 500, ""max_depth"": null, ""min_samples_leaf"": 1, ""max_features"": 0.25, ""seed"": 42}"
block2,extra_trees,146,"{""lag_candidates"": [0, 1, 2, 3, 4, 5, 6], ""k1_topk"": 700, ""redundancy_param"": 1.0, ""dr_method"": ""none"", ""corr_spec"": {""mode"": ""ewma"", ""lam"": 0.98}, ""target_block_set"": [""AR1"", ""Chronos"", ""TSFresh""], ""sample_weight_decay"": 0.99, ""n_estimators"": 500, ""max_depth"": null, ""min_samples_leaf"": 5, ""max_features"": 0.1, ""seed"": 42}"
block2,extra_trees,147,"{""lag_candidates"": [0, 1, 2, 3, 4, 5, 6], ""k1_topk"": 700, ""redundancy_param"": 1.0, ""dr_method"": ""none"", ""corr_spec"": {""mode"": ""ewma"", ""lam"": 0.98}, ""target_block_set"": [""AR1"", ""Chronos"", ""TSFresh""], ""sample_weight_decay"": 0.99, ""n_estimators"": 500, ""max_depth"": null, ""min_samples_leaf"": 5, ""max_features"": 0.25, ""seed"": 42}"
block2,extra_trees,148,"{""lag_candidates"": [0, 1, 2, 3, 4, 5, 6], ""k1_topk"": 700, ""redundancy_param"": 1.0, ""dr_method"": ""none"", ""corr_spec"": {""mode"": ""ewma"", ""lam"": 0.98}, ""target_block_set"": [""AR1"", ""Chronos"", ""TSFresh""], ""sample_weight_decay"": 0.99, ""n_estimators"": 500, ""max_depth"": null, ""min_samples_leaf"": 10, ""max_features"": 0.25, ""seed"": 42}"
block2,extra_trees,149,"{""lag_candidates"": [0, 1, 2, 3, 4, 5, 6], ""k1_topk"": 700, ""redundancy_param"": 1.0, ""dr_method"": ""none"", ""corr_spec"": {""mode"": ""ewma"", ""lam"": 0.98}, ""target_block_set"": [""AR1"", ""Chronos"", ""TSFresh""], ""sample_weight_decay"": 0.99, ""n_estimators"": 500, ""max_depth"": 4, ""min_samples_leaf"": 1, ""max_features"": 0.1, ""seed"": 42}"
block2,extra_trees,150,"{""lag_candidates"": [0, 1, 2, 3, 4, 5, 6], ""k1_topk"": 700, ""redundancy_param"": 1.0, ""dr_method"": ""none"", ""corr_spec"": {""mode"": ""ewma"", ""lam"": 0.98}, ""target_block_set"": [""AR1"", ""Chronos"", ""TSFresh""], ""sample_weight_decay"": 0.99, ""n_estimators"": 500, ""max_depth"": 4, ""min_samples_leaf"": 1, ""max_features"": 0.25, ""seed"": 42}"
block2,extra_trees,151,"{""lag_candidates"": [0, 1, 2, 3, 4, 5, 6], ""k1_topk"": 700, ""redundancy_param"": 1.0, ""dr_method"": ""none"", ""corr_spec"": {""mode"": ""ewma"", ""lam"": 0.98}, ""target_block_set"": [""AR1"", ""Chronos"", ""TSFresh""], ""sample_weight_decay"": 0.99, ""n_estimators"": 500, ""max_depth"": 4, ""min_samples_leaf"": 5, ""max_features"": 0.1, ""seed"": 42}"
block2,extra_trees,152,"{""lag_candidates"": [0, 1, 2, 3, 4, 5, 6], ""k1_topk"": 700, ""redundancy_param"": 1.0, ""dr_method"": ""none"", ""corr_spec"": {""mode"": ""ewma"", ""lam"": 0.98}, ""target_block_set"": [""AR1"", ""Chronos"", ""TSFresh""], ""sample_weight_decay"": 0.99, ""n_estimators"": 500, ""max_depth"": 4, ""min_samples_leaf"": 5, ""max_features"": 0.25, ""seed"": 42}"
block2,extra_trees,153,"{""lag_candidates"": [0, 1, 2, 3, 4, 5, 6], ""k1_topk"": 700, ""redundancy_param"": 1.0, ""dr_method"": ""none"", ""corr_spec"": {""mode"": ""ewma"", ""lam"": 0.98}, ""target_block_set"": [""AR1"", ""Chronos"", ""TSFresh""], ""sample_weight_decay"": 0.99, ""n_estimators"": 500, ""max_depth"": 4, ""min_samples_leaf"": 10, ""max_features"": 0.25, ""seed"": 42}"
block2,extra_trees,154,"{""lag_candidates"": [0, 1, 2, 3, 4, 5, 6], ""k1_topk"": 700, ""redundancy_param"": 1.0, ""dr_method"": ""none"", ""corr_spec"": {""mode"": ""ewma"", ""lam"": 0.98}, ""target_block_set"": [""AR1"", ""Chronos"", ""TSFresh""], ""sample_weight_decay"": 0.99, ""n_estimators"": 500, ""max_depth"": 8, ""min_samples_leaf"": 1, ""max_features"": ""sqrt"", ""seed"": 42}"
block2,extra_trees,155,"{""lag_candidates"": [0, 1, 2, 3, 4, 5, 6], ""k1_topk"": 700, ""redundancy_param"": 1.0, ""dr_method"": ""none"", ""corr_spec"": {""mode"": ""ewma"", ""lam"": 0.98}, ""target_block_set"": [""AR1"", ""Chronos"", ""TSFresh""], ""sample_weight_decay"": 0.99, ""n_estimators"": 500, ""max_depth"": 8, ""min_samples_leaf"": 1, ""max_features"": 0.1, ""seed"": 42}"
block2,extra_trees,156,"{""lag_candidates"": [0, 1, 2, 3, 4, 5, 6], ""k1_topk"": 700, ""redundancy_param"": 1.0, ""dr_method"": ""none"", ""corr_spec"": {""mode"": ""ewma"", ""lam"": 0.98}, ""target_block_set"": [""AR1"", ""Chronos"", ""TSFresh""], ""sample_weight_decay"": 0.99, ""n_estimators"": 500, ""max_depth"": 8, ""min_samples_leaf"": 1, ""max_features"": 0.25, ""seed"": 42}"
block2,extra_trees,157,"{""lag_candidates"": [0, 1, 2, 3, 4, 5, 6], ""k1_topk"": 700, ""redundancy_param"": 1.0, ""dr_method"": ""none"", ""corr_spec"": {""mode"": ""ewma"", ""lam"": 0.98}, ""target_block_set"": [""AR1"", ""Chronos"", ""TSFresh""], ""sample_weight_decay"": 0.99, ""n_estimators"": 500, ""max_depth"": 8, ""min_samples_leaf"": 5, ""max_features"": 0.1, ""seed"": 42}"
block2,extra_trees,158,"{""lag_candidates"": [0, 1, 2, 3, 4, 5, 6], ""k1_topk"": 700, ""redundancy_param"": 1.0, ""dr_method"": ""none"", ""corr_spec"": {""mode"": ""ewma"", ""lam"": 0.98}, ""target_block_set"": [""AR1"", ""Chronos"", ""TSFresh""], ""sample_weight_decay"": 0.99, ""n_estimators"": 500, ""max_depth"": 8, ""min_samples_leaf"": 5, ""max_features"": 0.25, ""seed"": 42}"
block2,extra_trees,159,"{""lag_candidates"": [0, 1, 2, 3, 4, 5, 6], ""k1_topk"": 700, ""redundancy_param"": 1.0, ""dr_method"": ""none"", ""corr_spec"": {""mode"": ""ewma"", ""lam"": 0.98}, ""target_block_set"": [""AR1"", ""Chronos"", ""TSFresh""], ""sample_weight_decay"": 0.99, ""n_estimators"": 500, ""max_depth"": 8, ""min_samples_leaf"": 10, ""max_features"": 0.25, ""seed"": 42}"
block2,extra_trees,160,"{""lag_candidates"": [0, 1, 2, 3, 4, 5, 6], ""k1_topk"": 700, ""redundancy_param"": 1.0, ""dr_method"": ""none"", ""corr_spec"": {""mode"": ""ewma"", ""lam"": 0.98}, ""target_block_set"": [""AR1"", ""Chronos"", ""TSFresh""], ""sample_weight_decay"": 0.99, ""n_estimators"": 1000, ""max_depth"": null, ""min_samples_leaf"": 1, ""max_features"": ""sqrt"", ""seed"": 42}"
block2,extra_trees,161,"{""lag_candidates"": [0, 1, 2, 3, 4, 5, 6], ""k1_topk"": 700, ""redundancy_param"": 1.0, ""dr_method"": ""none"", ""corr_spec"": {""mode"": ""ewma"", ""lam"": 0.98}, ""target_block_set"": [""AR1"", ""Chronos"", ""TSFresh""], ""sample_weight_decay"": 0.99, ""n_estimators"": 1000, ""max_depth"": null, ""min_samples_leaf"": 1, ""max_features"": 0.1, ""seed"": 42}"
block2,extra_trees,162,"{""lag_candidates"": [0, 1, 2, 3, 4, 5, 6], ""k1_topk"": 700, ""redundancy_param"": 1.0, ""dr_method"": ""none"", ""corr_spec"": {""mode"": ""ewma"", ""lam"": 0.98}, ""target_block_set"": [""AR1"", ""Chronos"", ""TSFresh""], ""sample_weight_decay"": 0.99, ""n_estimators"": 1000, ""max_depth"": null, ""min_samples_leaf"": 1, ""max_features"": 0.25, ""seed"": 42}"
block2,extra_trees,163,"{""lag_candidates"": [0, 1, 2, 3, 4, 5, 6], ""k1_topk"": 700, ""redundancy_param"": 1.0, ""dr_method"": ""none"", ""corr_spec"": {""mode"": ""ewma"", ""lam"": 0.98}, ""target_block_set"": [""AR1"", ""Chronos"", ""TSFresh""], ""sample_weight_decay"": 0.99, ""n_estimators"": 1000, ""max_depth"": null, ""min_samples_leaf"": 5, ""max_features"": 0.1, ""seed"": 42}"
block2,extra_trees,164,"{""lag_candidates"": [0, 1, 2, 3, 4, 5, 6], ""k1_topk"": 700, ""redundancy_param"": 1.0, ""dr_method"": ""none"", ""corr_spec"": {""mode"": ""ewma"", ""lam"": 0.98}, ""target_block_set"": [""AR1"", ""Chronos"", ""TSFresh""], ""sample_weight_decay"": 0.99, ""n_estimators"": 1000, ""max_depth"": null, ""min_samples_leaf"": 5, ""max_features"": 0.25, ""seed"": 42}"
block2,extra_trees,165,"{""lag_candidates"": [0, 1, 2, 3, 4, 5, 6], ""k1_topk"": 700, ""redundancy_param"": 1.0, ""dr_method"": ""none"", ""corr_spec"": {""mode"": ""ewma"", ""lam"": 0.98}, ""target_block_set"": [""AR1"", ""Chronos"", ""TSFresh""], ""sample_weight_decay"": 0.99, ""n_estimators"": 1000, ""max_depth"": null, ""min_samples_leaf"": 10, ""max_features"": 0.25, ""seed"": 42}"
block2,extra_trees,166,"{""lag_candidates"": [0, 1, 2, 3, 4, 5, 6], ""k1_topk"": 700, ""redundancy_param"": 1.0, ""dr_method"": ""none"", ""corr_spec"": {""mode"": ""ewma"", ""lam"": 0.98}, ""target_block_set"": [""AR1"", ""Chronos"", ""TSFresh""], ""sample_weight_decay"": 0.99, ""n_estimators"": 1000, ""max_depth"": 4, ""min_samples_leaf"": 1, ""max_features"": 0.1, ""seed"": 42}"
block2,extra_trees,167,"{""lag_candidates"": [0, 1, 2, 3, 4, 5, 6], ""k1_topk"": 700, ""redundancy_param"": 1.0, ""dr_method"": ""none"", ""corr_spec"": {""mode"": ""ewma"", ""lam"": 0.98}, ""target_block_set"": [""AR1"", ""Chronos"", ""TSFresh""], ""sample_weight_decay"": 0.99, ""n_estimators"": 1000, ""max_depth"": 4, ""min_samples_leaf"": 1, ""max_features"": 0.25, ""seed"": 42}"
block2,extra_trees,168,"{""lag_candidates"": [0, 1, 2, 3, 4, 5, 6], ""k1_topk"": 700, ""redundancy_param"": 1.0, ""dr_method"": ""none"", ""corr_spec"": {""mode"": ""ewma"", ""lam"": 0.98}, ""target_block_set"": [""AR1"", ""Chronos"", ""TSFresh""], ""sample_weight_decay"": 0.99, ""n_estimators"": 1000, ""max_depth"": 4, ""min_samples_leaf"": 5, ""max_features"": 0.1, ""seed"": 42}"
block2,extra_trees,169,"{""lag_candidates"": [0, 1, 2, 3, 4, 5, 6], ""k1_topk"": 700, ""redundancy_param"": 1.0, ""dr_method"": ""none"", ""corr_spec"": {""mode"": ""ewma"", ""lam"": 0.98}, ""target_block_set"": [""AR1"", ""Chronos"", ""TSFresh""], ""sample_weight_decay"": 0.99, ""n_estimators"": 1000, ""max_depth"": 4, ""min_samples_leaf"": 5, ""max_features"": 0.25, ""seed"": 42}"
block2,extra_trees,170,"{""lag_candidates"": [0, 1, 2, 3, 4, 5, 6], ""k1_topk"": 700, ""redundancy_param"": 1.0, ""dr_method"": ""none"", ""corr_spec"": {""mode"": ""ewma"", ""lam"": 0.98}, ""target_block_set"": [""AR1"", ""Chronos"", ""TSFresh""], ""sample_weight_decay"": 0.99, ""n_estimators"": 1000, ""max_depth"": 4, ""min_samples_leaf"": 10, ""max_features"": 0.25, ""seed"": 42}"
block2,extra_trees,171,"{""lag_candidates"": [0, 1, 2, 3, 4, 5, 6], ""k1_topk"": 700, ""redundancy_param"": 1.0, ""dr_method"": ""none"", ""corr_spec"": {""mode"": ""ewma"", ""lam"": 0.98}, ""target_block_set"": [""AR1"", ""Chronos"", ""TSFresh""], ""sample_weight_decay"": 0.99, ""n_estimators"": 1000, ""max_depth"": 8, ""min_samples_leaf"": 1, ""max_features"": ""sqrt"", ""seed"": 42}"
block2,extra_trees,172,"{""lag_candidates"": [0, 1, 2, 3, 4, 5, 6], ""k1_topk"": 700, ""redundancy_param"": 1.0, ""dr_method"": ""none"", ""corr_spec"": {""mode"": ""ewma"", ""lam"": 0.98}, ""target_block_set"": [""AR1"", ""Chronos"", ""TSFresh""], ""sample_weight_decay"": 0.99, ""n_estimators"": 1000, ""max_depth"": 8, ""min_samples_leaf"": 1, ""max_features"": 0.1, ""seed"": 42}"
block2,extra_trees,173,"{""lag_candidates"": [0, 1, 2, 3, 4, 5, 6], ""k1_topk"": 700, ""redundancy_param"": 1.0, ""dr_method"": ""none"", ""corr_spec"": {""mode"": ""ewma"", ""lam"": 0.98}, ""target_block_set"": [""AR1"", ""Chronos"", ""TSFresh""], ""sample_weight_decay"": 0.99, ""n_estimators"": 1000, ""max_depth"": 8, ""min_samples_leaf"": 1, ""max_features"": 0.25, ""seed"": 42}"
block2,extra_trees,174,"{""lag_candidates"": [0, 1, 2, 3, 4, 5, 6], ""k1_topk"": 700, ""redundancy_param"": 1.0, ""dr_method"": ""none"", ""corr_spec"": {""mode"": ""ewma"", ""lam"": 0.98}, ""target_block_set"": [""AR1"", ""Chronos"", ""TSFresh""], ""sample_weight_decay"": 0.99, ""n_estimators"": 1000, ""max_depth"": 8, ""min_samples_leaf"": 5, ""max_features"": 0.1, ""seed"": 42}"
block2,extra_trees,175,"{""lag_candidates"": [0, 1, 2, 3, 4, 5, 6], ""k1_topk"": 700, ""redundancy_param"": 1.0, ""dr_method"": ""none"", ""corr_spec"": {""mode"": ""ewma"", ""lam"": 0.98}, ""target_block_set"": [""AR1"", ""Chronos"", ""TSFresh""], ""sample_weight_decay"": 0.99, ""n_estimators"": 1000, ""max_depth"": 8, ""min_samples_leaf"": 5, ""max_features"": 0.25, ""seed"": 42}"
block2,extra_trees,176,"{""lag_candidates"": [0, 1, 2, 3, 4, 5, 6], ""k1_topk"": 700, ""redundancy_param"": 1.0, ""dr_method"": ""none"", ""corr_spec"": {""mode"": ""ewma"", ""lam"": 0.98}, ""target_block_set"": [""AR1"", ""Chronos"", ""TSFresh""], ""sample_weight_decay"": 0.99, ""n_estimators"": 1000, ""max_depth"": 8, ""min_samples_leaf"": 10, ""max_features"": 0.25, ""seed"": 42}"
block2,extra_trees,177,"{""lag_candidates"": [0, 1, 2, 3, 4, 5, 6], ""k1_topk"": 700, ""redundancy_param"": 1.0, ""dr_method"": ""none"", ""corr_spec"": {""mode"": ""ewma"", ""lam"": 0.98}, ""target_block_set"": [""AR1"", ""Chronos"", ""TSFresh""], ""sample_weight_decay"": 0.99, ""n_estimators"": 2000, ""max_depth"": null, ""min_samples_leaf"": 1, ""max_features"": ""sqrt"", ""seed"": 42}"
block2,extra_trees,178,"{""lag_candidates"": [0, 1, 2, 3, 4, 5, 6], ""k1_topk"": 700, ""redundancy_param"": 1.0, ""dr_method"": ""none"", ""corr_spec"": {""mode"": ""ewma"", ""lam"": 0.98}, ""target_block_set"": [""AR1"", ""Chronos"", ""TSFresh""], ""sample_weight_decay"": 0.99, ""n_estimators"": 2000, ""max_depth"": null, ""min_samples_leaf"": 1, ""max_features"": 0.1, ""seed"": 42}"
block2,extra_trees,179,"{""lag_candidates"": [0, 1, 2, 3, 4, 5, 6], ""k1_topk"": 700, ""redundancy_param"": 1.0, ""dr_method"": ""none"", ""corr_spec"": {""mode"": ""ewma"", ""lam"": 0.98}, ""target_block_set"": [""AR1"", ""Chronos"", ""TSFresh""], ""sample_weight_decay"": 0.99, ""n_estimators"": 2000, ""max_depth"": null, ""min_samples_leaf"": 1, ""max_features"": 0.25, ""seed"": 42}"
block2,extra_trees,180,"{""lag_candidates"": [0, 1, 2, 3, 4, 5, 6], ""k1_topk"": 700, ""redundancy_param"": 1.0, ""dr_method"": ""none"", ""corr_spec"": {""mode"": ""ewma"", ""lam"": 0.98}, ""target_block_set"": [""AR1"", ""Chronos"", ""TSFresh""], ""sample_weight_decay"": 0.99, ""n_estimators"": 2000, ""max_depth"": null, ""min_samples_leaf"": 5, ""max_features"": 0.1, ""seed"": 42}"
block2,extra_trees,181,"{""lag_candidates"": [0, 1, 2, 3, 4, 5, 6], ""k1_topk"": 700, ""redundancy_param"": 1.0, ""dr_method"": ""none"", ""corr_spec"": {""mode"": ""ewma"", ""lam"": 0.98}, ""target_block_set"": [""AR1"", ""Chronos"", ""TSFresh""], ""sample_weight_decay"": 0.99, ""n_estimators"": 2000, ""max_depth"": null, ""min_samples_leaf"": 5, ""max_features"": 0.25, ""seed"": 42}"
block2,extra_trees,182,"{""lag_candidates"": [0, 1, 2, 3, 4, 5, 6], ""k1_topk"": 700, ""redundancy_param"": 1.0, ""dr_method"": ""none"", ""corr_spec"": {""mode"": ""ewma"", ""lam"": 0.98}, ""target_block_set"": [""AR1"", ""Chronos"", ""TSFresh""], ""sample_weight_decay"": 0.99, ""n_estimators"": 2000, ""max_depth"": null, ""min_samples_leaf"": 10, ""max_features"": 0.25, ""seed"": 42}"
block2,extra_trees,183,"{""lag_candidates"": [0, 1, 2, 3, 4, 5, 6], ""k1_topk"": 700, ""redundancy_param"": 1.0, ""dr_method"": ""none"", ""corr_spec"": {""mode"": ""ewma"", ""lam"": 0.98}, ""target_block_set"": [""AR1"", ""Chronos"", ""TSFresh""], ""sample_weight_decay"": 0.99, ""n_estimators"": 2000, ""max_depth"": 4, ""min_samples_leaf"": 1, ""max_features"": 0.1, ""seed"": 42}"
block2,extra_trees,184,"{""lag_candidates"": [0, 1, 2, 3, 4, 5, 6], ""k1_topk"": 700, ""redundancy_param"": 1.0, ""dr_method"": ""none"", ""corr_spec"": {""mode"": ""ewma"", ""lam"": 0.98}, ""target_block_set"": [""AR1"", ""Chronos"", ""TSFresh""], ""sample_weight_decay"": 0.99, ""n_estimators"": 2000, ""max_depth"": 4, ""min_samples_leaf"": 1, ""max_features"": 0.25, ""seed"": 42}"
block2,extra_trees,185,"{""lag_candidates"": [0, 1, 2, 3, 4, 5, 6], ""k1_topk"": 700, ""redundancy_param"": 1.0, ""dr_method"": ""none"", ""corr_spec"": {""mode"": ""ewma"", ""lam"": 0.98}, ""target_block_set"": [""AR1"", ""Chronos"", ""TSFresh""], ""sample_weight_decay"": 0.99, ""n_estimators"": 2000, ""max_depth"": 4, ""min_samples_leaf"": 5, ""max_features"": 0.1, ""seed"": 42}"
block2,extra_trees,186,"{""lag_candidates"": [0, 1, 2, 3, 4, 5, 6], ""k1_topk"": 700, ""redundancy_param"": 1.0, ""dr_method"": ""none"", ""corr_spec"": {""mode"": ""ewma"", ""lam"": 0.98}, ""target_block_set"": [""AR1"", ""Chronos"", ""TSFresh""], ""sample_weight_decay"": 0.99, ""n_estimators"": 2000, ""max_depth"": 4, ""min_samples_leaf"": 5, ""max_features"": 0.25, ""seed"": 42}"
block2,extra_trees,187,"{""lag_candidates"": [0, 1, 2, 3, 4, 5, 6], ""k1_topk"": 700, ""redundancy_param"": 1.0, ""dr_method"": ""none"", ""corr_spec"": {""mode"": ""ewma"", ""lam"": 0.98}, ""target_block_set"": [""AR1"", ""Chronos"", ""TSFresh""], ""sample_weight_decay"": 0.99, ""n_estimators"": 2000, ""max_depth"": 4, ""min_samples_leaf"": 10, ""max_features"": 0.25, ""seed"": 42}"
block2,extra_trees,188,"{""lag_candidates"": [0, 1, 2, 3, 4, 5, 6], ""k1_topk"": 700, ""redundancy_param"": 1.0, ""dr_method"": ""none"", ""corr_spec"": {""mode"": ""ewma"", ""lam"": 0.98}, ""target_block_set"": [""AR1"", ""Chronos"", ""TSFresh""], ""sample_weight_decay"": 0.99, ""n_estimators"": 2000, ""max_depth"": 8, ""min_samples_leaf"": 1, ""max_features"": ""sqrt"", ""seed"": 42}"
block2,extra_trees,189,"{""lag_candidates"": [0, 1, 2, 3, 4, 5, 6], ""k1_topk"": 700, ""redundancy_param"": 1.0, ""dr_method"": ""none"", ""corr_spec"": {""mode"": ""ewma"", ""lam"": 0.98}, ""target_block_set"": [""AR1"", ""Chronos"", ""TSFresh""], ""sample_weight_decay"": 0.99, ""n_estimators"": 2000, ""max_depth"": 8, ""min_samples_leaf"": 1, ""max_features"": 0.1, ""seed"": 42}"
block2,extra_trees,190,"{""lag_candidates"": [0, 1, 2, 3, 4, 5, 6], ""k1_topk"": 700, ""redundancy_param"": 1.0, ""dr_method"": ""none"", ""corr_spec"": {""mode"": ""ewma"", ""lam"": 0.98}, ""target_block_set"": [""AR1"", ""Chronos"", ""TSFresh""], ""sample_weight_decay"": 0.99, ""n_estimators"": 2000, ""max_depth"": 8, ""min_samples_leaf"": 1, ""max_features"": 0.25, ""seed"": 42}"
block2,extra_trees,191,"{""lag_candidates"": [0, 1, 2, 3, 4, 5, 6], ""k1_topk"": 700, ""redundancy_param"": 1.0, ""dr_method"": ""none"", ""corr_spec"": {""mode"": ""ewma"", ""lam"": 0.98}, ""target_block_set"": [""AR1"", ""Chronos"", ""TSFresh""], ""sample_weight_decay"": 0.99, ""n_estimators"": 2000, ""max_depth"": 8, ""min_samples_leaf"": 5, ""max_features"": 0.1, ""seed"": 42}"
block2,extra_trees,192,"{""lag_candidates"": [0, 1, 2, 3, 4, 5, 6], ""k1_topk"": 700, ""redundancy_param"": 1.0, ""dr_method"": ""none"", ""corr_spec"": {""mode"": ""ewma"", ""lam"": 0.98}, ""target_block_set"": [""AR1"", ""Chronos"", ""TSFresh""], ""sample_weight_decay"": 0.99, ""n_estimators"": 2000, ""max_depth"": 8, ""min_samples_leaf"": 5, ""max_features"": 0.25, ""seed"": 42}"
block2,extra_trees,193,"{""lag_candidates"": [0, 1, 2, 3, 4, 5, 6], ""k1_topk"": 700, ""redundancy_param"": 1.0, ""dr_method"": ""none"", ""corr_spec"": {""mode"": ""ewma"", ""lam"": 0.98}, ""target_block_set"": [""AR1"", ""Chronos"", ""TSFresh""], ""sample_weight_decay"": 0.99, ""n_estimators"": 2000, ""max_depth"": 8, ""min_samples_leaf"": 10, ""max_features"": 0.25, ""seed"": 42}"
block2,extra_trees,194,"{""lag_candidates"": [0, 1, 2, 3, 4, 5, 6], ""k1_topk"": 700, ""redundancy_param"": 1.0, ""dr_method"": ""pls"", ""pls_components"": 30, ""corr_spec"": {""mode"": ""ewma"", ""lam"": 0.98}, ""target_block_set"": [""AR1"", ""Chronos"", ""TSFresh""], ""sample_weight_decay"": null, ""n_estimators"": 500, ""max_depth"": null, ""min_samples_leaf"": 1, ""max_features"": ""sqrt"", ""seed"": 42}"
block2,extra_trees,195,"{""lag_candidates"": [0, 1, 2, 3, 4, 5, 6], ""k1_topk"": 700, ""redundancy_param"": 1.0, ""dr_method"": ""pls"", ""pls_components"": 30, ""corr_spec"": {""mode"": ""ewma"", ""lam"": 0.98}, ""target_block_set"": [""AR1"", ""Chronos"", ""TSFresh""], ""sample_weight_decay"": null, ""n_estimators"": 1000, ""max_depth"": null, ""min_samples_leaf"": 1, ""max_features"": 0.1, ""seed"": 42}"
