time_for_pred,used_model_params,used_fe_spec,used_features_count,selected_next_score
2000-03-01,"{'alpha': 0.05, 'l1_ratio': 0.5, 'max_iter': 10000, 'fit_intercept': True, 'random_state': 42, 'standardize': True}","{'lags': (3,), 'rm_windows': (), 'ema_spans': ()}",200,1.5528496701618786
2000-04-01,"{'alpha': 0.05, 'l1_ratio': 0.5, 'max_iter': 10000, 'fit_intercept': True, 'random_state': 42, 'standardize': True}","{'lags': (6,), 'rm_windows': (), 'ema_spans': ()}",200,0.733602202182808
2000-05-01,"{'alpha': 0.05, 'l1_ratio': 0.5, 'max_iter': 10000, 'fit_intercept': True, 'random_state': 42, 'standardize': True}","{'lags': (6,), 'rm_windows': (), 'ema_spans': ()}",200,0.10407294804693956
2000-06-01,"{'alpha': 0.05, 'l1_ratio': 0.5, 'max_iter': 10000, 'fit_intercept': True, 'random_state': 42, 'standardize': True}","{'lags': (6,), 'rm_windows': (), 'ema_spans': ()}",200,2.865035458015398
2000-07-01,"{'alpha': 0.05, 'l1_ratio': 0.5, 'max_iter': 10000, 'fit_intercept': True, 'random_state': 42, 'standardize': True}","{'lags': (6,), 'rm_windows': (), 'ema_spans': ()}",200,2.7075123703899995
2000-08-01,"{'alpha': 0.05, 'l1_ratio': 0.5, 'max_iter': 10000, 'fit_intercept': True, 'random_state': 42, 'standardize': True}","{'lags': (6,), 'rm_windows': (), 'ema_spans': ()}",200,0.3088504042231211
2000-09-01,"{'alpha': 0.05, 'l1_ratio': 0.5, 'max_iter': 10000, 'fit_intercept': True, 'random_state': 42, 'standardize': True}","{'lags': (3,), 'rm_windows': (), 'ema_spans': ()}",200,0.9359921846267896
2000-10-01,"{'alpha': 0.05, 'l1_ratio': 0.5, 'max_iter': 10000, 'fit_intercept': True, 'random_state': 42, 'standardize': True}","{'lags': (3,), 'rm_windows': (), 'ema_spans': ()}",200,0.5778911405008276
2000-11-01,"{'alpha': 0.05, 'l1_ratio': 0.5, 'max_iter': 10000, 'fit_intercept': True, 'random_state': 42, 'standardize': True}","{'lags': (6,), 'rm_windows': (), 'ema_spans': ()}",200,0.06854578990098775
2000-12-01,"{'alpha': 0.05, 'l1_ratio': 0.5, 'max_iter': 10000, 'fit_intercept': True, 'random_state': 42, 'standardize': True}","{'lags': (3,), 'rm_windows': (), 'ema_spans': ()}",200,0.9012833499556901
2001-01-01,"{'alpha': 0.05, 'l1_ratio': 0.5, 'max_iter': 10000, 'fit_intercept': True, 'random_state': 42, 'standardize': True}","{'lags': (6,), 'rm_windows': (), 'ema_spans': ()}",200,0.6257774255711237
2001-02-01,"{'alpha': 0.05, 'l1_ratio': 0.5, 'max_iter': 10000, 'fit_intercept': True, 'random_state': 42, 'standardize': True}","{'lags': (3,), 'rm_windows': (), 'ema_spans': ()}",200,1.7217475300599534
2001-03-01,"{'alpha': 0.05, 'l1_ratio': 0.5, 'max_iter': 10000, 'fit_intercept': True, 'random_state': 42, 'standardize': True}","{'lags': (6,), 'rm_windows': (), 'ema_spans': ()}",200,2.137239865230746
2001-04-01,"{'alpha': 0.05, 'l1_ratio': 0.5, 'max_iter': 10000, 'fit_intercept': True, 'random_state': 42, 'standardize': True}","{'lags': (6,), 'rm_windows': (), 'ema_spans': ()}",200,0.3888557251223774
2001-05-01,"{'alpha': 0.05, 'l1_ratio': 0.5, 'max_iter': 10000, 'fit_intercept': True, 'random_state': 42, 'standardize': True}","{'lags': (6,), 'rm_windows': (), 'ema_spans': ()}",200,1.7349099617451067
2001-06-01,"{'alpha': 0.05, 'l1_ratio': 0.5, 'max_iter': 10000, 'fit_intercept': True, 'random_state': 42, 'standardize': True}","{'lags': (6,), 'rm_windows': (), 'ema_spans': ()}",200,0.06645857552599149
2001-07-01,"{'alpha': 0.05, 'l1_ratio': 0.5, 'max_iter': 10000, 'fit_intercept': True, 'random_state': 42, 'standardize': True}","{'lags': (3,), 'rm_windows': (), 'ema_spans': ()}",200,1.5549332344943385
2001-08-01,"{'alpha': 0.05, 'l1_ratio': 0.5, 'max_iter': 10000, 'fit_intercept': True, 'random_state': 42, 'standardize': True}","{'lags': (6,), 'rm_windows': (), 'ema_spans': ()}",200,1.740231232080314
2001-09-01,"{'alpha': 0.05, 'l1_ratio': 0.5, 'max_iter': 10000, 'fit_intercept': True, 'random_state': 42, 'standardize': True}","{'lags': (3,), 'rm_windows': (), 'ema_spans': ()}",200,1.4886099175757206
2001-10-01,"{'alpha': 0.05, 'l1_ratio': 0.5, 'max_iter': 10000, 'fit_intercept': True, 'random_state': 42, 'standardize': True}","{'lags': (3,), 'rm_windows': (), 'ema_spans': ()}",200,1.66911570848745
2001-11-01,"{'alpha': 0.05, 'l1_ratio': 0.5, 'max_iter': 10000, 'fit_intercept': True, 'random_state': 42, 'standardize': True}","{'lags': (3,), 'rm_windows': (), 'ema_spans': ()}",200,0.15960339116173627
2001-12-01,"{'alpha': 0.05, 'l1_ratio': 0.5, 'max_iter': 10000, 'fit_intercept': True, 'random_state': 42, 'standardize': True}","{'lags': (3,), 'rm_windows': (), 'ema_spans': ()}",200,1.5918611920974082
2002-01-01,"{'alpha': 0.05, 'l1_ratio': 0.5, 'max_iter': 10000, 'fit_intercept': True, 'random_state': 42, 'standardize': True}","{'lags': (6,), 'rm_windows': (), 'ema_spans': ()}",200,0.14838598554050075
2002-02-01,"{'alpha': 0.05, 'l1_ratio': 0.5, 'max_iter': 10000, 'fit_intercept': True, 'random_state': 42, 'standardize': True}","{'lags': (6,), 'rm_windows': (), 'ema_spans': ()}",200,0.7155445722947924
2002-03-01,"{'alpha': 0.05, 'l1_ratio': 0.5, 'max_iter': 10000, 'fit_intercept': True, 'random_state': 42, 'standardize': True}","{'lags': (3,), 'rm_windows': (), 'ema_spans': ()}",200,0.5643602433023894
2002-04-01,"{'alpha': 0.05, 'l1_ratio': 0.5, 'max_iter': 10000, 'fit_intercept': True, 'random_state': 42, 'standardize': True}","{'lags': (6,), 'rm_windows': (), 'ema_spans': ()}",200,0.021884302067219225
2002-05-01,"{'alpha': 0.05, 'l1_ratio': 0.5, 'max_iter': 10000, 'fit_intercept': True, 'random_state': 42, 'standardize': True}","{'lags': (6,), 'rm_windows': (), 'ema_spans': ()}",200,0.017954349231582678
2002-06-01,"{'alpha': 0.05, 'l1_ratio': 0.5, 'max_iter': 10000, 'fit_intercept': True, 'random_state': 42, 'standardize': True}","{'lags': (6,), 'rm_windows': (), 'ema_spans': ()}",200,0.5682615549506658
2002-07-01,"{'alpha': 0.05, 'l1_ratio': 0.5, 'max_iter': 10000, 'fit_intercept': True, 'random_state': 42, 'standardize': True}","{'lags': (6,), 'rm_windows': (), 'ema_spans': ()}",200,3.133366958929831
2002-08-01,"{'alpha': 0.05, 'l1_ratio': 0.5, 'max_iter': 10000, 'fit_intercept': True, 'random_state': 42, 'standardize': True}","{'lags': (3,), 'rm_windows': (), 'ema_spans': ()}",200,2.8813770294336676
2002-09-01,"{'alpha': 0.05, 'l1_ratio': 0.5, 'max_iter': 10000, 'fit_intercept': True, 'random_state': 42, 'standardize': True}","{'lags': (6,), 'rm_windows': (), 'ema_spans': ()}",200,0.24668520745338895
2002-10-01,"{'alpha': 0.05, 'l1_ratio': 0.5, 'max_iter': 10000, 'fit_intercept': True, 'random_state': 42, 'standardize': True}","{'lags': (6,), 'rm_windows': (), 'ema_spans': ()}",200,0.6447439485588473
2002-11-01,"{'alpha': 0.05, 'l1_ratio': 0.5, 'max_iter': 10000, 'fit_intercept': True, 'random_state': 42, 'standardize': True}","{'lags': (3,), 'rm_windows': (), 'ema_spans': ()}",200,1.8047143925730789
2002-12-01,"{'alpha': 0.05, 'l1_ratio': 0.5, 'max_iter': 10000, 'fit_intercept': True, 'random_state': 42, 'standardize': True}","{'lags': (6,), 'rm_windows': (), 'ema_spans': ()}",200,1.6346886946885886
2003-01-01,"{'alpha': 0.05, 'l1_ratio': 0.5, 'max_iter': 10000, 'fit_intercept': True, 'random_state': 42, 'standardize': True}","{'lags': (3,), 'rm_windows': (), 'ema_spans': ()}",200,1.4299109594704569
2003-02-01,"{'alpha': 0.05, 'l1_ratio': 0.5, 'max_iter': 10000, 'fit_intercept': True, 'random_state': 42, 'standardize': True}","{'lags': (6,), 'rm_windows': (), 'ema_spans': ()}",200,0.005172036761369188
2003-03-01,"{'alpha': 0.05, 'l1_ratio': 0.5, 'max_iter': 10000, 'fit_intercept': True, 'random_state': 42, 'standardize': True}","{'lags': (6,), 'rm_windows': (), 'ema_spans': ()}",200,0.4386453192358023
2003-04-01,"{'alpha': 0.05, 'l1_ratio': 0.5, 'max_iter': 10000, 'fit_intercept': True, 'random_state': 42, 'standardize': True}","{'lags': (3,), 'rm_windows': (), 'ema_spans': ()}",200,0.5047456463918023
2003-05-01,"{'alpha': 0.05, 'l1_ratio': 0.5, 'max_iter': 10000, 'fit_intercept': True, 'random_state': 42, 'standardize': True}","{'lags': (3,), 'rm_windows': (), 'ema_spans': ()}",200,0.8506847761372345
2003-06-01,"{'alpha': 0.05, 'l1_ratio': 0.5, 'max_iter': 10000, 'fit_intercept': True, 'random_state': 42, 'standardize': True}","{'lags': (6,), 'rm_windows': (), 'ema_spans': ()}",200,0.05681191167417482
2003-07-01,"{'alpha': 0.05, 'l1_ratio': 0.5, 'max_iter': 10000, 'fit_intercept': True, 'random_state': 42, 'standardize': True}","{'lags': (3,), 'rm_windows': (), 'ema_spans': ()}",200,1.9501474532498078
2003-08-01,"{'alpha': 0.05, 'l1_ratio': 0.5, 'max_iter': 10000, 'fit_intercept': True, 'random_state': 42, 'standardize': True}","{'lags': (6,), 'rm_windows': (), 'ema_spans': ()}",200,1.5758252750078432
2003-09-01,"{'alpha': 0.05, 'l1_ratio': 0.5, 'max_iter': 10000, 'fit_intercept': True, 'random_state': 42, 'standardize': True}","{'lags': (3,), 'rm_windows': (), 'ema_spans': ()}",200,0.06472229631877269
2003-10-01,"{'alpha': 0.05, 'l1_ratio': 0.5, 'max_iter': 10000, 'fit_intercept': True, 'random_state': 42, 'standardize': True}","{'lags': (3,), 'rm_windows': (), 'ema_spans': ()}",200,2.0742929305249866
2003-11-01,"{'alpha': 0.05, 'l1_ratio': 0.5, 'max_iter': 10000, 'fit_intercept': True, 'random_state': 42, 'standardize': True}","{'lags': (3,), 'rm_windows': (), 'ema_spans': ()}",200,0.12135808377044088
2003-12-01,"{'alpha': 0.05, 'l1_ratio': 0.5, 'max_iter': 10000, 'fit_intercept': True, 'random_state': 42, 'standardize': True}","{'lags': (3,), 'rm_windows': (), 'ema_spans': ()}",200,0.7219133906729975
2004-01-01,"{'alpha': 0.05, 'l1_ratio': 0.5, 'max_iter': 10000, 'fit_intercept': True, 'random_state': 42, 'standardize': True}","{'lags': (6,), 'rm_windows': (), 'ema_spans': ()}",200,0.13074238634013327
2004-02-01,"{'alpha': 0.05, 'l1_ratio': 0.5, 'max_iter': 10000, 'fit_intercept': True, 'random_state': 42, 'standardize': True}","{'lags': (6,), 'rm_windows': (), 'ema_spans': ()}",200,0.3132064545332613
2004-03-01,"{'alpha': 0.05, 'l1_ratio': 0.5, 'max_iter': 10000, 'fit_intercept': True, 'random_state': 42, 'standardize': True}","{'lags': (3,), 'rm_windows': (), 'ema_spans': ()}",200,0.3146436363143752
2004-04-01,"{'alpha': 0.05, 'l1_ratio': 0.5, 'max_iter': 10000, 'fit_intercept': True, 'random_state': 42, 'standardize': True}","{'lags': (3,), 'rm_windows': (), 'ema_spans': ()}",200,0.0407668901256284
2004-05-01,"{'alpha': 0.05, 'l1_ratio': 0.5, 'max_iter': 10000, 'fit_intercept': True, 'random_state': 42, 'standardize': True}","{'lags': (6,), 'rm_windows': (), 'ema_spans': ()}",200,0.4816169097703097
2004-06-01,"{'alpha': 0.05, 'l1_ratio': 0.5, 'max_iter': 10000, 'fit_intercept': True, 'random_state': 42, 'standardize': True}","{'lags': (3,), 'rm_windows': (), 'ema_spans': ()}",200,0.455363586299358
2004-07-01,"{'alpha': 0.05, 'l1_ratio': 0.5, 'max_iter': 10000, 'fit_intercept': True, 'random_state': 42, 'standardize': True}","{'lags': (6,), 'rm_windows': (), 'ema_spans': ()}",200,0.33037482917207195
2004-08-01,"{'alpha': 0.05, 'l1_ratio': 0.5, 'max_iter': 10000, 'fit_intercept': True, 'random_state': 42, 'standardize': True}","{'lags': (6,), 'rm_windows': (), 'ema_spans': ()}",200,0.40091107725956154
2004-09-01,"{'alpha': 0.05, 'l1_ratio': 0.5, 'max_iter': 10000, 'fit_intercept': True, 'random_state': 42, 'standardize': True}","{'lags': (6,), 'rm_windows': (), 'ema_spans': ()}",200,0.02581147315516894
2004-10-01,"{'alpha': 0.05, 'l1_ratio': 0.5, 'max_iter': 10000, 'fit_intercept': True, 'random_state': 42, 'standardize': True}","{'lags': (3,), 'rm_windows': (), 'ema_spans': ()}",200,0.16703203654703713
2004-11-01,"{'alpha': 0.05, 'l1_ratio': 0.5, 'max_iter': 10000, 'fit_intercept': True, 'random_state': 42, 'standardize': True}","{'lags': (6,), 'rm_windows': (), 'ema_spans': ()}",200,1.20528948846707
2004-12-01,"{'alpha': 0.05, 'l1_ratio': 0.5, 'max_iter': 10000, 'fit_intercept': True, 'random_state': 42, 'standardize': True}","{'lags': (6,), 'rm_windows': (), 'ema_spans': ()}",200,0.43542234438241306
2005-01-01,"{'alpha': 0.05, 'l1_ratio': 0.5, 'max_iter': 10000, 'fit_intercept': True, 'random_state': 42, 'standardize': True}","{'lags': (3,), 'rm_windows': (), 'ema_spans': ()}",200,1.1134918955479227
2005-02-01,"{'alpha': 0.05, 'l1_ratio': 0.5, 'max_iter': 10000, 'fit_intercept': True, 'random_state': 42, 'standardize': True}","{'lags': (6,), 'rm_windows': (), 'ema_spans': ()}",200,1.0717853154630852
2005-03-01,"{'alpha': 0.05, 'l1_ratio': 0.5, 'max_iter': 10000, 'fit_intercept': True, 'random_state': 42, 'standardize': True}","{'lags': (3,), 'rm_windows': (), 'ema_spans': ()}",200,0.052147923745198166
2005-04-01,"{'alpha': 0.05, 'l1_ratio': 0.5, 'max_iter': 10000, 'fit_intercept': True, 'random_state': 42, 'standardize': True}","{'lags': (3,), 'rm_windows': (), 'ema_spans': ()}",200,1.8114072143636775
2005-05-01,"{'alpha': 0.05, 'l1_ratio': 0.5, 'max_iter': 10000, 'fit_intercept': True, 'random_state': 42, 'standardize': True}","{'lags': (6,), 'rm_windows': (), 'ema_spans': ()}",200,1.3956671429632521
2005-06-01,"{'alpha': 0.05, 'l1_ratio': 0.5, 'max_iter': 10000, 'fit_intercept': True, 'random_state': 42, 'standardize': True}","{'lags': (6,), 'rm_windows': (), 'ema_spans': ()}",200,1.2220164808701695
2005-07-01,"{'alpha': 0.05, 'l1_ratio': 0.5, 'max_iter': 10000, 'fit_intercept': True, 'random_state': 42, 'standardize': True}","{'lags': (6,), 'rm_windows': (), 'ema_spans': ()}",200,1.0253669589762497
2005-08-01,"{'alpha': 0.05, 'l1_ratio': 0.5, 'max_iter': 10000, 'fit_intercept': True, 'random_state': 42, 'standardize': True}","{'lags': (6,), 'rm_windows': (), 'ema_spans': ()}",200,2.5227912093658125
2005-09-01,"{'alpha': 0.05, 'l1_ratio': 0.5, 'max_iter': 10000, 'fit_intercept': True, 'random_state': 42, 'standardize': True}","{'lags': (6,), 'rm_windows': (), 'ema_spans': ()}",200,2.324870390085518
2005-10-01,"{'alpha': 0.05, 'l1_ratio': 0.5, 'max_iter': 10000, 'fit_intercept': True, 'random_state': 42, 'standardize': True}","{'lags': (6,), 'rm_windows': (), 'ema_spans': ()}",200,0.7725841261329749
2005-11-01,"{'alpha': 0.05, 'l1_ratio': 0.5, 'max_iter': 10000, 'fit_intercept': True, 'random_state': 42, 'standardize': True}","{'lags': (6,), 'rm_windows': (), 'ema_spans': ()}",200,1.1763855522535158
2005-12-01,"{'alpha': 0.05, 'l1_ratio': 0.5, 'max_iter': 10000, 'fit_intercept': True, 'random_state': 42, 'standardize': True}","{'lags': (3,), 'rm_windows': (), 'ema_spans': ()}",200,0.27077165985962043
2006-01-01,"{'alpha': 0.05, 'l1_ratio': 0.5, 'max_iter': 10000, 'fit_intercept': True, 'random_state': 42, 'standardize': True}","{'lags': (3,), 'rm_windows': (), 'ema_spans': ()}",200,0.17930561056099592
2006-02-01,"{'alpha': 0.05, 'l1_ratio': 0.5, 'max_iter': 10000, 'fit_intercept': True, 'random_state': 42, 'standardize': True}","{'lags': (3,), 'rm_windows': (), 'ema_spans': ()}",200,0.2680674635482958
2006-03-01,"{'alpha': 0.05, 'l1_ratio': 0.5, 'max_iter': 10000, 'fit_intercept': True, 'random_state': 42, 'standardize': True}","{'lags': (3,), 'rm_windows': (), 'ema_spans': ()}",200,1.7940614215904649
2006-04-01,"{'alpha': 0.05, 'l1_ratio': 0.5, 'max_iter': 10000, 'fit_intercept': True, 'random_state': 42, 'standardize': True}","{'lags': (3,), 'rm_windows': (), 'ema_spans': ()}",200,3.650905155051361
2006-05-01,"{'alpha': 0.05, 'l1_ratio': 0.5, 'max_iter': 10000, 'fit_intercept': True, 'random_state': 42, 'standardize': True}","{'lags': (3,), 'rm_windows': (), 'ema_spans': ()}",200,0.31748503849195553
2006-06-01,"{'alpha': 0.05, 'l1_ratio': 0.5, 'max_iter': 10000, 'fit_intercept': True, 'random_state': 42, 'standardize': True}","{'lags': (6,), 'rm_windows': (), 'ema_spans': ()}",200,0.5272566292646945
2006-07-01,"{'alpha': 0.05, 'l1_ratio': 0.5, 'max_iter': 10000, 'fit_intercept': True, 'random_state': 42, 'standardize': True}","{'lags': (3,), 'rm_windows': (), 'ema_spans': ()}",200,0.10175202776978742
2006-08-01,"{'alpha': 0.05, 'l1_ratio': 0.5, 'max_iter': 10000, 'fit_intercept': True, 'random_state': 42, 'standardize': True}","{'lags': (3,), 'rm_windows': (), 'ema_spans': ()}",200,0.34078865897939575
2006-09-01,"{'alpha': 0.05, 'l1_ratio': 0.5, 'max_iter': 10000, 'fit_intercept': True, 'random_state': 42, 'standardize': True}","{'lags': (3,), 'rm_windows': (), 'ema_spans': ()}",200,0.20654289465899345
2006-10-01,"{'alpha': 0.05, 'l1_ratio': 0.5, 'max_iter': 10000, 'fit_intercept': True, 'random_state': 42, 'standardize': True}","{'lags': (6,), 'rm_windows': (), 'ema_spans': ()}",200,0.5737124418795476
2006-11-01,"{'alpha': 0.05, 'l1_ratio': 0.5, 'max_iter': 10000, 'fit_intercept': True, 'random_state': 42, 'standardize': True}","{'lags': (6,), 'rm_windows': (), 'ema_spans': ()}",200,1.5575018040144073
2006-12-01,"{'alpha': 0.05, 'l1_ratio': 0.5, 'max_iter': 10000, 'fit_intercept': True, 'random_state': 42, 'standardize': True}","{'lags': (6,), 'rm_windows': (), 'ema_spans': ()}",200,0.14282149211474482
2007-01-01,"{'alpha': 0.05, 'l1_ratio': 0.5, 'max_iter': 10000, 'fit_intercept': True, 'random_state': 42, 'standardize': True}","{'lags': (3,), 'rm_windows': (), 'ema_spans': ()}",200,0.5058813950653662
2007-02-01,"{'alpha': 0.05, 'l1_ratio': 0.5, 'max_iter': 10000, 'fit_intercept': True, 'random_state': 42, 'standardize': True}","{'lags': (6,), 'rm_windows': (), 'ema_spans': ()}",200,0.23021299942522455
2007-03-01,"{'alpha': 0.05, 'l1_ratio': 0.5, 'max_iter': 10000, 'fit_intercept': True, 'random_state': 42, 'standardize': True}","{'lags': (3,), 'rm_windows': (), 'ema_spans': ()}",200,0.017937099537099113
2007-04-01,"{'alpha': 0.05, 'l1_ratio': 0.5, 'max_iter': 10000, 'fit_intercept': True, 'random_state': 42, 'standardize': True}","{'lags': (3,), 'rm_windows': (), 'ema_spans': ()}",200,1.2854736883536786
2007-05-01,"{'alpha': 0.05, 'l1_ratio': 0.5, 'max_iter': 10000, 'fit_intercept': True, 'random_state': 42, 'standardize': True}","{'lags': (3,), 'rm_windows': (), 'ema_spans': ()}",200,1.7695361541024925
2007-06-01,"{'alpha': 0.05, 'l1_ratio': 0.5, 'max_iter': 10000, 'fit_intercept': True, 'random_state': 42, 'standardize': True}","{'lags': (3,), 'rm_windows': (), 'ema_spans': ()}",200,0.3149433544686281
2007-07-01,"{'alpha': 0.05, 'l1_ratio': 0.5, 'max_iter': 10000, 'fit_intercept': True, 'random_state': 42, 'standardize': True}","{'lags': (6,), 'rm_windows': (), 'ema_spans': ()}",200,0.26882342035040746
2007-08-01,"{'alpha': 0.05, 'l1_ratio': 0.5, 'max_iter': 10000, 'fit_intercept': True, 'random_state': 42, 'standardize': True}","{'lags': (6,), 'rm_windows': (), 'ema_spans': ()}",200,0.2815436355644201
2007-09-01,"{'alpha': 0.05, 'l1_ratio': 0.5, 'max_iter': 10000, 'fit_intercept': True, 'random_state': 42, 'standardize': True}","{'lags': (3,), 'rm_windows': (), 'ema_spans': ()}",200,1.459725826626782
2007-10-01,"{'alpha': 0.05, 'l1_ratio': 0.5, 'max_iter': 10000, 'fit_intercept': True, 'random_state': 42, 'standardize': True}","{'lags': (3,), 'rm_windows': (), 'ema_spans': ()}",200,0.4257115447013027
2007-11-01,"{'alpha': 0.05, 'l1_ratio': 0.5, 'max_iter': 10000, 'fit_intercept': True, 'random_state': 42, 'standardize': True}","{'lags': (6,), 'rm_windows': (), 'ema_spans': ()}",200,0.42269162493682977
2007-12-01,"{'alpha': 0.05, 'l1_ratio': 0.5, 'max_iter': 10000, 'fit_intercept': True, 'random_state': 42, 'standardize': True}","{'lags': (3,), 'rm_windows': (), 'ema_spans': ()}",200,0.2499071711475015
2008-01-01,"{'alpha': 0.05, 'l1_ratio': 0.5, 'max_iter': 10000, 'fit_intercept': True, 'random_state': 42, 'standardize': True}","{'lags': (3,), 'rm_windows': (), 'ema_spans': ()}",200,0.43371311539312885
2008-02-01,"{'alpha': 0.05, 'l1_ratio': 0.5, 'max_iter': 10000, 'fit_intercept': True, 'random_state': 42, 'standardize': True}","{'lags': (6,), 'rm_windows': (), 'ema_spans': ()}",200,0.8464363498979613
2008-03-01,"{'alpha': 0.05, 'l1_ratio': 0.5, 'max_iter': 10000, 'fit_intercept': True, 'random_state': 42, 'standardize': True}","{'lags': (3,), 'rm_windows': (), 'ema_spans': ()}",200,0.5651695556457452
2008-04-01,"{'alpha': 0.05, 'l1_ratio': 0.5, 'max_iter': 10000, 'fit_intercept': True, 'random_state': 42, 'standardize': True}","{'lags': (3,), 'rm_windows': (), 'ema_spans': ()}",200,0.14884046568485593
2008-05-01,"{'alpha': 0.05, 'l1_ratio': 0.5, 'max_iter': 10000, 'fit_intercept': True, 'random_state': 42, 'standardize': True}","{'lags': (6,), 'rm_windows': (), 'ema_spans': ()}",200,2.0837230139184677
2008-06-01,"{'alpha': 0.05, 'l1_ratio': 0.5, 'max_iter': 10000, 'fit_intercept': True, 'random_state': 42, 'standardize': True}","{'lags': (3,), 'rm_windows': (), 'ema_spans': ()}",200,0.016286534468204827
2008-07-01,"{'alpha': 0.05, 'l1_ratio': 0.5, 'max_iter': 10000, 'fit_intercept': True, 'random_state': 42, 'standardize': True}","{'lags': (6,), 'rm_windows': (), 'ema_spans': ()}",200,0.9360474227323367
2008-08-01,"{'alpha': 0.05, 'l1_ratio': 0.5, 'max_iter': 10000, 'fit_intercept': True, 'random_state': 42, 'standardize': True}","{'lags': (6,), 'rm_windows': (), 'ema_spans': ()}",200,2.2593480757121167
2008-09-01,"{'alpha': 0.05, 'l1_ratio': 0.5, 'max_iter': 10000, 'fit_intercept': True, 'random_state': 42, 'standardize': True}","{'lags': (6,), 'rm_windows': (), 'ema_spans': ()}",200,1.3557970238173982
2008-10-01,"{'alpha': 0.05, 'l1_ratio': 0.5, 'max_iter': 10000, 'fit_intercept': True, 'random_state': 42, 'standardize': True}","{'lags': (3,), 'rm_windows': (), 'ema_spans': ()}",200,0.891268216062133
2008-11-01,"{'alpha': 0.05, 'l1_ratio': 0.5, 'max_iter': 10000, 'fit_intercept': True, 'random_state': 42, 'standardize': True}","{'lags': (6,), 'rm_windows': (), 'ema_spans': ()}",200,3.0245993509067937
2008-12-01,"{'alpha': 0.05, 'l1_ratio': 0.5, 'max_iter': 10000, 'fit_intercept': True, 'random_state': 42, 'standardize': True}","{'lags': (6,), 'rm_windows': (), 'ema_spans': ()}",200,1.3340384480466065
2009-01-01,"{'alpha': 0.05, 'l1_ratio': 0.5, 'max_iter': 10000, 'fit_intercept': True, 'random_state': 42, 'standardize': True}","{'lags': (6,), 'rm_windows': (), 'ema_spans': ()}",200,4.70625970681373
2009-02-01,"{'alpha': 0.05, 'l1_ratio': 0.5, 'max_iter': 10000, 'fit_intercept': True, 'random_state': 42, 'standardize': True}","{'lags': (3,), 'rm_windows': (), 'ema_spans': ()}",200,0.014818427879004226
2009-03-01,"{'alpha': 0.05, 'l1_ratio': 0.5, 'max_iter': 10000, 'fit_intercept': True, 'random_state': 42, 'standardize': True}","{'lags': (3,), 'rm_windows': (), 'ema_spans': ()}",200,2.4441541482836575
2009-04-01,"{'alpha': 0.05, 'l1_ratio': 0.5, 'max_iter': 10000, 'fit_intercept': True, 'random_state': 42, 'standardize': True}","{'lags': (6,), 'rm_windows': (), 'ema_spans': ()}",200,0.07787909538993443
2009-05-01,"{'alpha': 0.05, 'l1_ratio': 0.5, 'max_iter': 10000, 'fit_intercept': True, 'random_state': 42, 'standardize': True}","{'lags': (3,), 'rm_windows': (), 'ema_spans': ()}",200,5.3351661502343335
2009-06-01,"{'alpha': 0.05, 'l1_ratio': 0.5, 'max_iter': 10000, 'fit_intercept': True, 'random_state': 42, 'standardize': True}","{'lags': (6,), 'rm_windows': (), 'ema_spans': ()}",200,1.1559015915021504
2009-07-01,"{'alpha': 0.05, 'l1_ratio': 0.5, 'max_iter': 10000, 'fit_intercept': True, 'random_state': 42, 'standardize': True}","{'lags': (3,), 'rm_windows': (), 'ema_spans': ()}",200,1.835049603909156
2009-08-01,"{'alpha': 0.05, 'l1_ratio': 0.5, 'max_iter': 10000, 'fit_intercept': True, 'random_state': 42, 'standardize': True}","{'lags': (3,), 'rm_windows': (), 'ema_spans': ()}",200,0.8735099342204121
2009-09-01,"{'alpha': 0.05, 'l1_ratio': 0.5, 'max_iter': 10000, 'fit_intercept': True, 'random_state': 42, 'standardize': True}","{'lags': (6,), 'rm_windows': (), 'ema_spans': ()}",200,2.371159363654746
2009-10-01,"{'alpha': 0.05, 'l1_ratio': 0.5, 'max_iter': 10000, 'fit_intercept': True, 'random_state': 42, 'standardize': True}","{'lags': (3,), 'rm_windows': (), 'ema_spans': ()}",200,3.4245399707262214
2009-11-01,"{'alpha': 0.05, 'l1_ratio': 0.5, 'max_iter': 10000, 'fit_intercept': True, 'random_state': 42, 'standardize': True}","{'lags': (3,), 'rm_windows': (), 'ema_spans': ()}",200,0.5975014659165748
2009-12-01,"{'alpha': 0.05, 'l1_ratio': 0.5, 'max_iter': 10000, 'fit_intercept': True, 'random_state': 42, 'standardize': True}","{'lags': (3,), 'rm_windows': (), 'ema_spans': ()}",200,0.02677744143465166
2010-01-01,"{'alpha': 0.05, 'l1_ratio': 0.5, 'max_iter': 10000, 'fit_intercept': True, 'random_state': 42, 'standardize': True}","{'lags': (6,), 'rm_windows': (), 'ema_spans': ()}",200,0.31237996602831275
2010-02-01,"{'alpha': 0.05, 'l1_ratio': 0.5, 'max_iter': 10000, 'fit_intercept': True, 'random_state': 42, 'standardize': True}","{'lags': (3,), 'rm_windows': (), 'ema_spans': ()}",200,1.7759765375922805
2010-03-01,"{'alpha': 0.05, 'l1_ratio': 0.5, 'max_iter': 10000, 'fit_intercept': True, 'random_state': 42, 'standardize': True}","{'lags': (6,), 'rm_windows': (), 'ema_spans': ()}",200,2.3751015936002364
2010-04-01,"{'alpha': 0.05, 'l1_ratio': 0.5, 'max_iter': 10000, 'fit_intercept': True, 'random_state': 42, 'standardize': True}","{'lags': (3,), 'rm_windows': (), 'ema_spans': ()}",200,1.7843801467247484
2010-05-01,"{'alpha': 0.05, 'l1_ratio': 0.5, 'max_iter': 10000, 'fit_intercept': True, 'random_state': 42, 'standardize': True}","{'lags': (3,), 'rm_windows': (), 'ema_spans': ()}",200,1.3691596454319386
2010-06-01,"{'alpha': 0.05, 'l1_ratio': 0.5, 'max_iter': 10000, 'fit_intercept': True, 'random_state': 42, 'standardize': True}","{'lags': (3,), 'rm_windows': (), 'ema_spans': ()}",200,1.5091811893789413
2010-07-01,"{'alpha': 0.05, 'l1_ratio': 0.5, 'max_iter': 10000, 'fit_intercept': True, 'random_state': 42, 'standardize': True}","{'lags': (6,), 'rm_windows': (), 'ema_spans': ()}",200,0.043010716445901265
2010-08-01,"{'alpha': 0.05, 'l1_ratio': 0.5, 'max_iter': 10000, 'fit_intercept': True, 'random_state': 42, 'standardize': True}","{'lags': (6,), 'rm_windows': (), 'ema_spans': ()}",200,0.9705506195053073
2010-09-01,"{'alpha': 0.05, 'l1_ratio': 0.5, 'max_iter': 10000, 'fit_intercept': True, 'random_state': 42, 'standardize': True}","{'lags': (3,), 'rm_windows': (), 'ema_spans': ()}",200,0.42529458022211375
2010-10-01,"{'alpha': 0.05, 'l1_ratio': 0.5, 'max_iter': 10000, 'fit_intercept': True, 'random_state': 42, 'standardize': True}","{'lags': (3,), 'rm_windows': (), 'ema_spans': ()}",200,0.3921557887857128
2010-11-01,"{'alpha': 0.05, 'l1_ratio': 0.5, 'max_iter': 10000, 'fit_intercept': True, 'random_state': 42, 'standardize': True}","{'lags': (3,), 'rm_windows': (), 'ema_spans': ()}",200,1.8254196986963476
2010-12-01,"{'alpha': 0.05, 'l1_ratio': 0.5, 'max_iter': 10000, 'fit_intercept': True, 'random_state': 42, 'standardize': True}","{'lags': (6,), 'rm_windows': (), 'ema_spans': ()}",200,0.30437149338823366
2011-01-01,"{'alpha': 0.05, 'l1_ratio': 0.5, 'max_iter': 10000, 'fit_intercept': True, 'random_state': 42, 'standardize': True}","{'lags': (3,), 'rm_windows': (), 'ema_spans': ()}",200,0.5980819801360155
2011-02-01,"{'alpha': 0.05, 'l1_ratio': 0.5, 'max_iter': 10000, 'fit_intercept': True, 'random_state': 42, 'standardize': True}","{'lags': (6,), 'rm_windows': (), 'ema_spans': ()}",200,0.3067891718481628
2011-03-01,"{'alpha': 0.05, 'l1_ratio': 0.5, 'max_iter': 10000, 'fit_intercept': True, 'random_state': 42, 'standardize': True}","{'lags': (3,), 'rm_windows': (), 'ema_spans': ()}",200,0.017865735506727876
2011-04-01,"{'alpha': 0.05, 'l1_ratio': 0.5, 'max_iter': 10000, 'fit_intercept': True, 'random_state': 42, 'standardize': True}","{'lags': (6,), 'rm_windows': (), 'ema_spans': ()}",200,0.05482944908594871
2011-05-01,"{'alpha': 0.05, 'l1_ratio': 0.5, 'max_iter': 10000, 'fit_intercept': True, 'random_state': 42, 'standardize': True}","{'lags': (3,), 'rm_windows': (), 'ema_spans': ()}",200,0.6515823697026379
2011-06-01,"{'alpha': 0.05, 'l1_ratio': 0.5, 'max_iter': 10000, 'fit_intercept': True, 'random_state': 42, 'standardize': True}","{'lags': (6,), 'rm_windows': (), 'ema_spans': ()}",200,1.1005520733137855
2011-07-01,"{'alpha': 0.05, 'l1_ratio': 0.5, 'max_iter': 10000, 'fit_intercept': True, 'random_state': 42, 'standardize': True}","{'lags': (3,), 'rm_windows': (), 'ema_spans': ()}",200,3.148448088248308
2011-08-01,"{'alpha': 0.05, 'l1_ratio': 0.5, 'max_iter': 10000, 'fit_intercept': True, 'random_state': 42, 'standardize': True}","{'lags': (3,), 'rm_windows': (), 'ema_spans': ()}",200,0.0719860256454149
2011-09-01,"{'alpha': 0.05, 'l1_ratio': 0.5, 'max_iter': 10000, 'fit_intercept': True, 'random_state': 42, 'standardize': True}","{'lags': (6,), 'rm_windows': (), 'ema_spans': ()}",200,1.222581052116542
2011-10-01,"{'alpha': 0.05, 'l1_ratio': 0.5, 'max_iter': 10000, 'fit_intercept': True, 'random_state': 42, 'standardize': True}","{'lags': (3,), 'rm_windows': (), 'ema_spans': ()}",200,1.3789945089342537
2011-11-01,"{'alpha': 0.05, 'l1_ratio': 0.5, 'max_iter': 10000, 'fit_intercept': True, 'random_state': 42, 'standardize': True}","{'lags': (3,), 'rm_windows': (), 'ema_spans': ()}",200,0.2725748726852296
2011-12-01,"{'alpha': 0.05, 'l1_ratio': 0.5, 'max_iter': 10000, 'fit_intercept': True, 'random_state': 42, 'standardize': True}","{'lags': (3,), 'rm_windows': (), 'ema_spans': ()}",200,0.07727801176573457
2012-01-01,"{'alpha': 0.05, 'l1_ratio': 0.5, 'max_iter': 10000, 'fit_intercept': True, 'random_state': 42, 'standardize': True}","{'lags': (3,), 'rm_windows': (), 'ema_spans': ()}",200,1.130649825526839
2012-02-01,"{'alpha': 0.05, 'l1_ratio': 0.5, 'max_iter': 10000, 'fit_intercept': True, 'random_state': 42, 'standardize': True}","{'lags': (6,), 'rm_windows': (), 'ema_spans': ()}",200,0.40444793071209184
2012-03-01,"{'alpha': 0.05, 'l1_ratio': 0.5, 'max_iter': 10000, 'fit_intercept': True, 'random_state': 42, 'standardize': True}","{'lags': (3,), 'rm_windows': (), 'ema_spans': ()}",200,2.9114985263909423
2012-04-01,"{'alpha': 0.05, 'l1_ratio': 0.5, 'max_iter': 10000, 'fit_intercept': True, 'random_state': 42, 'standardize': True}","{'lags': (3,), 'rm_windows': (), 'ema_spans': ()}",200,1.0119742651245673
2012-05-01,"{'alpha': 0.05, 'l1_ratio': 0.5, 'max_iter': 10000, 'fit_intercept': True, 'random_state': 42, 'standardize': True}","{'lags': (6,), 'rm_windows': (), 'ema_spans': ()}",200,2.2587851128671113
2012-06-01,"{'alpha': 0.05, 'l1_ratio': 0.5, 'max_iter': 10000, 'fit_intercept': True, 'random_state': 42, 'standardize': True}","{'lags': (6,), 'rm_windows': (), 'ema_spans': ()}",200,0.217296035811949
2012-07-01,"{'alpha': 0.05, 'l1_ratio': 0.5, 'max_iter': 10000, 'fit_intercept': True, 'random_state': 42, 'standardize': True}","{'lags': (3,), 'rm_windows': (), 'ema_spans': ()}",200,0.8450665773897585
2012-08-01,"{'alpha': 0.05, 'l1_ratio': 0.5, 'max_iter': 10000, 'fit_intercept': True, 'random_state': 42, 'standardize': True}","{'lags': (6,), 'rm_windows': (), 'ema_spans': ()}",200,0.11931056877543121
2012-09-01,"{'alpha': 0.05, 'l1_ratio': 0.5, 'max_iter': 10000, 'fit_intercept': True, 'random_state': 42, 'standardize': True}","{'lags': (3,), 'rm_windows': (), 'ema_spans': ()}",200,0.6313371496284169
2012-10-01,"{'alpha': 0.05, 'l1_ratio': 0.5, 'max_iter': 10000, 'fit_intercept': True, 'random_state': 42, 'standardize': True}","{'lags': (3,), 'rm_windows': (), 'ema_spans': ()}",200,0.9808564146972434
2012-11-01,"{'alpha': 0.05, 'l1_ratio': 0.5, 'max_iter': 10000, 'fit_intercept': True, 'random_state': 42, 'standardize': True}","{'lags': (3,), 'rm_windows': (), 'ema_spans': ()}",200,0.49738981904068524
2012-12-01,"{'alpha': 0.05, 'l1_ratio': 0.5, 'max_iter': 10000, 'fit_intercept': True, 'random_state': 42, 'standardize': True}","{'lags': (3,), 'rm_windows': (), 'ema_spans': ()}",200,1.3081640708377866
2013-01-01,"{'alpha': 0.05, 'l1_ratio': 0.5, 'max_iter': 10000, 'fit_intercept': True, 'random_state': 42, 'standardize': True}","{'lags': (3,), 'rm_windows': (), 'ema_spans': ()}",200,0.24956691972058098
2013-02-01,"{'alpha': 0.05, 'l1_ratio': 0.5, 'max_iter': 10000, 'fit_intercept': True, 'random_state': 42, 'standardize': True}","{'lags': (6,), 'rm_windows': (), 'ema_spans': ()}",200,0.7642351497800406
2013-03-01,"{'alpha': 0.05, 'l1_ratio': 0.5, 'max_iter': 10000, 'fit_intercept': True, 'random_state': 42, 'standardize': True}","{'lags': (6,), 'rm_windows': (), 'ema_spans': ()}",200,1.2181219381646164
2013-04-01,"{'alpha': 0.05, 'l1_ratio': 0.5, 'max_iter': 10000, 'fit_intercept': True, 'random_state': 42, 'standardize': True}","{'lags': (6,), 'rm_windows': (), 'ema_spans': ()}",200,1.048077108372803
2013-05-01,"{'alpha': 0.05, 'l1_ratio': 0.5, 'max_iter': 10000, 'fit_intercept': True, 'random_state': 42, 'standardize': True}","{'lags': (6,), 'rm_windows': (), 'ema_spans': ()}",200,0.7868238747621914
2013-06-01,"{'alpha': 0.05, 'l1_ratio': 0.5, 'max_iter': 10000, 'fit_intercept': True, 'random_state': 42, 'standardize': True}","{'lags': (6,), 'rm_windows': (), 'ema_spans': ()}",200,1.771384165414548
2013-07-01,"{'alpha': 0.05, 'l1_ratio': 0.5, 'max_iter': 10000, 'fit_intercept': True, 'random_state': 42, 'standardize': True}","{'lags': (3,), 'rm_windows': (), 'ema_spans': ()}",200,0.5990004869457763
2013-08-01,"{'alpha': 0.05, 'l1_ratio': 0.5, 'max_iter': 10000, 'fit_intercept': True, 'random_state': 42, 'standardize': True}","{'lags': (6,), 'rm_windows': (), 'ema_spans': ()}",200,1.2895412490591331
2013-09-01,"{'alpha': 0.05, 'l1_ratio': 0.5, 'max_iter': 10000, 'fit_intercept': True, 'random_state': 42, 'standardize': True}","{'lags': (6,), 'rm_windows': (), 'ema_spans': ()}",200,0.4331850683969921
2013-10-01,"{'alpha': 0.05, 'l1_ratio': 0.5, 'max_iter': 10000, 'fit_intercept': True, 'random_state': 42, 'standardize': True}","{'lags': (6,), 'rm_windows': (), 'ema_spans': ()}",200,1.0629162280591733
2013-11-01,"{'alpha': 0.05, 'l1_ratio': 0.5, 'max_iter': 10000, 'fit_intercept': True, 'random_state': 42, 'standardize': True}","{'lags': (6,), 'rm_windows': (), 'ema_spans': ()}",200,0.1891724288774994
2013-12-01,"{'alpha': 0.05, 'l1_ratio': 0.5, 'max_iter': 10000, 'fit_intercept': True, 'random_state': 42, 'standardize': True}","{'lags': (6,), 'rm_windows': (), 'ema_spans': ()}",200,0.16683399355387368
2014-01-01,"{'alpha': 0.05, 'l1_ratio': 0.5, 'max_iter': 10000, 'fit_intercept': True, 'random_state': 42, 'standardize': True}","{'lags': (3,), 'rm_windows': (), 'ema_spans': ()}",200,0.8616943693684557
2014-02-01,"{'alpha': 0.05, 'l1_ratio': 0.5, 'max_iter': 10000, 'fit_intercept': True, 'random_state': 42, 'standardize': True}","{'lags': (3,), 'rm_windows': (), 'ema_spans': ()}",200,0.6820915578853778
2014-03-01,"{'alpha': 0.05, 'l1_ratio': 0.5, 'max_iter': 10000, 'fit_intercept': True, 'random_state': 42, 'standardize': True}","{'lags': (3,), 'rm_windows': (), 'ema_spans': ()}",200,0.13785331815153568
2014-04-01,"{'alpha': 0.05, 'l1_ratio': 0.5, 'max_iter': 10000, 'fit_intercept': True, 'random_state': 42, 'standardize': True}","{'lags': (6,), 'rm_windows': (), 'ema_spans': ()}",200,0.40304106138176515
2014-05-01,"{'alpha': 0.05, 'l1_ratio': 0.5, 'max_iter': 10000, 'fit_intercept': True, 'random_state': 42, 'standardize': True}","{'lags': (6,), 'rm_windows': (), 'ema_spans': ()}",200,0.7458651466712037
2014-06-01,"{'alpha': 0.05, 'l1_ratio': 0.5, 'max_iter': 10000, 'fit_intercept': True, 'random_state': 42, 'standardize': True}","{'lags': (6,), 'rm_windows': (), 'ema_spans': ()}",200,0.08630640717650939
2014-07-01,"{'alpha': 0.05, 'l1_ratio': 0.5, 'max_iter': 10000, 'fit_intercept': True, 'random_state': 42, 'standardize': True}","{'lags': (3,), 'rm_windows': (), 'ema_spans': ()}",200,1.1541565659587112
2014-08-01,"{'alpha': 0.05, 'l1_ratio': 0.5, 'max_iter': 10000, 'fit_intercept': True, 'random_state': 42, 'standardize': True}","{'lags': (3,), 'rm_windows': (), 'ema_spans': ()}",200,3.218697319704873
2014-09-01,"{'alpha': 0.05, 'l1_ratio': 0.5, 'max_iter': 10000, 'fit_intercept': True, 'random_state': 42, 'standardize': True}","{'lags': (3,), 'rm_windows': (), 'ema_spans': ()}",200,2.2623474738288083
2014-10-01,"{'alpha': 0.05, 'l1_ratio': 0.5, 'max_iter': 10000, 'fit_intercept': True, 'random_state': 42, 'standardize': True}","{'lags': (6,), 'rm_windows': (), 'ema_spans': ()}",200,0.05570242986517593
2014-11-01,"{'alpha': 0.05, 'l1_ratio': 0.5, 'max_iter': 10000, 'fit_intercept': True, 'random_state': 42, 'standardize': True}","{'lags': (6,), 'rm_windows': (), 'ema_spans': ()}",200,0.2183026440886296
2014-12-01,"{'alpha': 0.05, 'l1_ratio': 0.5, 'max_iter': 10000, 'fit_intercept': True, 'random_state': 42, 'standardize': True}","{'lags': (3,), 'rm_windows': (), 'ema_spans': ()}",200,1.1505899449385462
2015-01-01,"{'alpha': 0.05, 'l1_ratio': 0.5, 'max_iter': 10000, 'fit_intercept': True, 'random_state': 42, 'standardize': True}","{'lags': (3,), 'rm_windows': (), 'ema_spans': ()}",200,1.7458428679543756
2015-02-01,"{'alpha': 0.05, 'l1_ratio': 0.5, 'max_iter': 10000, 'fit_intercept': True, 'random_state': 42, 'standardize': True}","{'lags': (6,), 'rm_windows': (), 'ema_spans': ()}",200,0.2101777397581726
2015-03-01,"{'alpha': 0.05, 'l1_ratio': 0.5, 'max_iter': 10000, 'fit_intercept': True, 'random_state': 42, 'standardize': True}","{'lags': (6,), 'rm_windows': (), 'ema_spans': ()}",200,0.1937126490867287
2015-04-01,"{'alpha': 0.05, 'l1_ratio': 0.5, 'max_iter': 10000, 'fit_intercept': True, 'random_state': 42, 'standardize': True}","{'lags': (3,), 'rm_windows': (), 'ema_spans': ()}",200,0.32927091109561457
2015-05-01,"{'alpha': 0.05, 'l1_ratio': 0.5, 'max_iter': 10000, 'fit_intercept': True, 'random_state': 42, 'standardize': True}","{'lags': (6,), 'rm_windows': (), 'ema_spans': ()}",200,0.14324706434563705
2015-06-01,"{'alpha': 0.05, 'l1_ratio': 0.5, 'max_iter': 10000, 'fit_intercept': True, 'random_state': 42, 'standardize': True}","{'lags': (6,), 'rm_windows': (), 'ema_spans': ()}",200,0.6294533394708763
2015-07-01,"{'alpha': 0.05, 'l1_ratio': 0.5, 'max_iter': 10000, 'fit_intercept': True, 'random_state': 42, 'standardize': True}","{'lags': (6,), 'rm_windows': (), 'ema_spans': ()}",200,1.1625575839460924
2015-08-01,"{'alpha': 0.05, 'l1_ratio': 0.5, 'max_iter': 10000, 'fit_intercept': True, 'random_state': 42, 'standardize': True}","{'lags': (6,), 'rm_windows': (), 'ema_spans': ()}",200,2.2787487040962153
2015-09-01,"{'alpha': 0.05, 'l1_ratio': 0.5, 'max_iter': 10000, 'fit_intercept': True, 'random_state': 42, 'standardize': True}","{'lags': (6,), 'rm_windows': (), 'ema_spans': ()}",200,0.24646553468580484
2015-10-01,"{'alpha': 0.05, 'l1_ratio': 0.5, 'max_iter': 10000, 'fit_intercept': True, 'random_state': 42, 'standardize': True}","{'lags': (6,), 'rm_windows': (), 'ema_spans': ()}",200,0.11367288502762951
2015-11-01,"{'alpha': 0.05, 'l1_ratio': 0.5, 'max_iter': 10000, 'fit_intercept': True, 'random_state': 42, 'standardize': True}","{'lags': (3,), 'rm_windows': (), 'ema_spans': ()}",200,1.1295140649037514
2015-12-01,"{'alpha': 0.05, 'l1_ratio': 0.5, 'max_iter': 10000, 'fit_intercept': True, 'random_state': 42, 'standardize': True}","{'lags': (6,), 'rm_windows': (), 'ema_spans': ()}",200,0.22710368598142544
2016-01-01,"{'alpha': 0.05, 'l1_ratio': 0.5, 'max_iter': 10000, 'fit_intercept': True, 'random_state': 42, 'standardize': True}","{'lags': (6,), 'rm_windows': (), 'ema_spans': ()}",200,1.091741762936705
2016-02-01,"{'alpha': 0.05, 'l1_ratio': 0.5, 'max_iter': 10000, 'fit_intercept': True, 'random_state': 42, 'standardize': True}","{'lags': (6,), 'rm_windows': (), 'ema_spans': ()}",200,0.20230341380345448
2016-03-01,"{'alpha': 0.05, 'l1_ratio': 0.5, 'max_iter': 10000, 'fit_intercept': True, 'random_state': 42, 'standardize': True}","{'lags': (6,), 'rm_windows': (), 'ema_spans': ()}",200,1.1135098096585343
2016-04-01,"{'alpha': 0.05, 'l1_ratio': 0.5, 'max_iter': 10000, 'fit_intercept': True, 'random_state': 42, 'standardize': True}","{'lags': (6,), 'rm_windows': (), 'ema_spans': ()}",200,0.2183175243127981
2016-05-01,"{'alpha': 0.05, 'l1_ratio': 0.5, 'max_iter': 10000, 'fit_intercept': True, 'random_state': 42, 'standardize': True}","{'lags': (3,), 'rm_windows': (), 'ema_spans': ()}",200,1.2724659394827456
2016-06-01,"{'alpha': 0.05, 'l1_ratio': 0.5, 'max_iter': 10000, 'fit_intercept': True, 'random_state': 42, 'standardize': True}","{'lags': (6,), 'rm_windows': (), 'ema_spans': ()}",200,1.2230119801097699
2016-07-01,"{'alpha': 0.05, 'l1_ratio': 0.5, 'max_iter': 10000, 'fit_intercept': True, 'random_state': 42, 'standardize': True}","{'lags': (6,), 'rm_windows': (), 'ema_spans': ()}",200,0.8925386830382689
2016-08-01,"{'alpha': 0.05, 'l1_ratio': 0.5, 'max_iter': 10000, 'fit_intercept': True, 'random_state': 42, 'standardize': True}","{'lags': (3,), 'rm_windows': (), 'ema_spans': ()}",200,0.1456695239941057
2016-09-01,"{'alpha': 0.05, 'l1_ratio': 0.5, 'max_iter': 10000, 'fit_intercept': True, 'random_state': 42, 'standardize': True}","{'lags': (3,), 'rm_windows': (), 'ema_spans': ()}",200,0.14211201847707816
2016-10-01,"{'alpha': 0.05, 'l1_ratio': 0.5, 'max_iter': 10000, 'fit_intercept': True, 'random_state': 42, 'standardize': True}","{'lags': (3,), 'rm_windows': (), 'ema_spans': ()}",200,0.00046765691212946603
2016-11-01,"{'alpha': 0.05, 'l1_ratio': 0.5, 'max_iter': 10000, 'fit_intercept': True, 'random_state': 42, 'standardize': True}","{'lags': (3,), 'rm_windows': (), 'ema_spans': ()}",200,0.2527674838690637
2016-12-01,"{'alpha': 0.05, 'l1_ratio': 0.5, 'max_iter': 10000, 'fit_intercept': True, 'random_state': 42, 'standardize': True}","{'lags': (3,), 'rm_windows': (), 'ema_spans': ()}",200,1.9933274380264059
2017-01-01,"{'alpha': 0.05, 'l1_ratio': 0.5, 'max_iter': 10000, 'fit_intercept': True, 'random_state': 42, 'standardize': True}","{'lags': (3,), 'rm_windows': (), 'ema_spans': ()}",200,0.39275157969708596
2017-02-01,"{'alpha': 0.05, 'l1_ratio': 0.5, 'max_iter': 10000, 'fit_intercept': True, 'random_state': 42, 'standardize': True}","{'lags': (3,), 'rm_windows': (), 'ema_spans': ()}",200,1.687781199898989
2017-03-01,"{'alpha': 0.05, 'l1_ratio': 0.5, 'max_iter': 10000, 'fit_intercept': True, 'random_state': 42, 'standardize': True}","{'lags': (6,), 'rm_windows': (), 'ema_spans': ()}",200,0.6806373909703269
2017-04-01,"{'alpha': 0.05, 'l1_ratio': 0.5, 'max_iter': 10000, 'fit_intercept': True, 'random_state': 42, 'standardize': True}","{'lags': (3,), 'rm_windows': (), 'ema_spans': ()}",200,1.762940756574067
2017-05-01,"{'alpha': 0.05, 'l1_ratio': 0.5, 'max_iter': 10000, 'fit_intercept': True, 'random_state': 42, 'standardize': True}","{'lags': (6,), 'rm_windows': (), 'ema_spans': ()}",200,0.43381952272017454
2017-06-01,"{'alpha': 0.05, 'l1_ratio': 0.5, 'max_iter': 10000, 'fit_intercept': True, 'random_state': 42, 'standardize': True}","{'lags': (3,), 'rm_windows': (), 'ema_spans': ()}",200,0.24126038404626104
2017-07-01,"{'alpha': 0.05, 'l1_ratio': 0.5, 'max_iter': 10000, 'fit_intercept': True, 'random_state': 42, 'standardize': True}","{'lags': (3,), 'rm_windows': (), 'ema_spans': ()}",200,0.264907367371373
2017-08-01,"{'alpha': 0.05, 'l1_ratio': 0.5, 'max_iter': 10000, 'fit_intercept': True, 'random_state': 42, 'standardize': True}","{'lags': (6,), 'rm_windows': (), 'ema_spans': ()}",200,1.6151625761114254
2017-09-01,"{'alpha': 0.05, 'l1_ratio': 0.5, 'max_iter': 10000, 'fit_intercept': True, 'random_state': 42, 'standardize': True}","{'lags': (3,), 'rm_windows': (), 'ema_spans': ()}",200,1.287469925187525
2017-10-01,"{'alpha': 0.05, 'l1_ratio': 0.5, 'max_iter': 10000, 'fit_intercept': True, 'random_state': 42, 'standardize': True}","{'lags': (3,), 'rm_windows': (), 'ema_spans': ()}",200,1.3035094897216999
2017-11-01,"{'alpha': 0.05, 'l1_ratio': 0.5, 'max_iter': 10000, 'fit_intercept': True, 'random_state': 42, 'standardize': True}","{'lags': (6,), 'rm_windows': (), 'ema_spans': ()}",200,3.3199591464132245
2017-12-01,"{'alpha': 0.05, 'l1_ratio': 0.5, 'max_iter': 10000, 'fit_intercept': True, 'random_state': 42, 'standardize': True}","{'lags': (3,), 'rm_windows': (), 'ema_spans': ()}",200,0.3441871003620705
2018-01-01,"{'alpha': 0.05, 'l1_ratio': 0.5, 'max_iter': 10000, 'fit_intercept': True, 'random_state': 42, 'standardize': True}","{'lags': (6,), 'rm_windows': (), 'ema_spans': ()}",200,0.7149593314050151
2018-02-01,"{'alpha': 0.05, 'l1_ratio': 0.5, 'max_iter': 10000, 'fit_intercept': True, 'random_state': 42, 'standardize': True}","{'lags': (6,), 'rm_windows': (), 'ema_spans': ()}",200,2.300776873895836
2018-03-01,"{'alpha': 0.05, 'l1_ratio': 0.5, 'max_iter': 10000, 'fit_intercept': True, 'random_state': 42, 'standardize': True}","{'lags': (3,), 'rm_windows': (), 'ema_spans': ()}",200,1.191805239734189
2018-04-01,"{'alpha': 0.05, 'l1_ratio': 0.5, 'max_iter': 10000, 'fit_intercept': True, 'random_state': 42, 'standardize': True}","{'lags': (6,), 'rm_windows': (), 'ema_spans': ()}",200,0.3740749577570055
2018-05-01,"{'alpha': 0.05, 'l1_ratio': 0.5, 'max_iter': 10000, 'fit_intercept': True, 'random_state': 42, 'standardize': True}","{'lags': (6,), 'rm_windows': (), 'ema_spans': ()}",200,0.8193048663192164
2018-06-01,"{'alpha': 0.05, 'l1_ratio': 0.5, 'max_iter': 10000, 'fit_intercept': True, 'random_state': 42, 'standardize': True}","{'lags': (3,), 'rm_windows': (), 'ema_spans': ()}",200,0.526752485833873
2018-07-01,"{'alpha': 0.05, 'l1_ratio': 0.5, 'max_iter': 10000, 'fit_intercept': True, 'random_state': 42, 'standardize': True}","{'lags': (3,), 'rm_windows': (), 'ema_spans': ()}",200,1.3297559015792233
2018-08-01,"{'alpha': 0.05, 'l1_ratio': 0.5, 'max_iter': 10000, 'fit_intercept': True, 'random_state': 42, 'standardize': True}","{'lags': (6,), 'rm_windows': (), 'ema_spans': ()}",200,0.2718060494795108
2018-09-01,"{'alpha': 0.05, 'l1_ratio': 0.5, 'max_iter': 10000, 'fit_intercept': True, 'random_state': 42, 'standardize': True}","{'lags': (3,), 'rm_windows': (), 'ema_spans': ()}",200,0.04318754310309458
2018-10-01,"{'alpha': 0.05, 'l1_ratio': 0.5, 'max_iter': 10000, 'fit_intercept': True, 'random_state': 42, 'standardize': True}","{'lags': (3,), 'rm_windows': (), 'ema_spans': ()}",200,0.3058651459765877
2018-11-01,"{'alpha': 0.05, 'l1_ratio': 0.5, 'max_iter': 10000, 'fit_intercept': True, 'random_state': 42, 'standardize': True}","{'lags': (3,), 'rm_windows': (), 'ema_spans': ()}",200,1.1492536828471198
2018-12-01,"{'alpha': 0.05, 'l1_ratio': 0.5, 'max_iter': 10000, 'fit_intercept': True, 'random_state': 42, 'standardize': True}","{'lags': (3,), 'rm_windows': (), 'ema_spans': ()}",200,1.415163487642958
2019-01-01,"{'alpha': 0.05, 'l1_ratio': 0.5, 'max_iter': 10000, 'fit_intercept': True, 'random_state': 42, 'standardize': True}","{'lags': (6,), 'rm_windows': (), 'ema_spans': ()}",200,0.5644138919362834
2019-02-01,"{'alpha': 0.05, 'l1_ratio': 0.5, 'max_iter': 10000, 'fit_intercept': True, 'random_state': 42, 'standardize': True}","{'lags': (3,), 'rm_windows': (), 'ema_spans': ()}",200,0.10929179052452073
2019-03-01,"{'alpha': 0.05, 'l1_ratio': 0.5, 'max_iter': 10000, 'fit_intercept': True, 'random_state': 42, 'standardize': True}","{'lags': (6,), 'rm_windows': (), 'ema_spans': ()}",200,0.8151605588307127
2019-04-01,"{'alpha': 0.05, 'l1_ratio': 0.5, 'max_iter': 10000, 'fit_intercept': True, 'random_state': 42, 'standardize': True}","{'lags': (3,), 'rm_windows': (), 'ema_spans': ()}",200,1.537240316267108
2019-05-01,"{'alpha': 0.05, 'l1_ratio': 0.5, 'max_iter': 10000, 'fit_intercept': True, 'random_state': 42, 'standardize': True}","{'lags': (6,), 'rm_windows': (), 'ema_spans': ()}",200,0.014609007840764951
2019-06-01,"{'alpha': 0.05, 'l1_ratio': 0.5, 'max_iter': 10000, 'fit_intercept': True, 'random_state': 42, 'standardize': True}","{'lags': (3,), 'rm_windows': (), 'ema_spans': ()}",200,1.196980360428622
2019-07-01,"{'alpha': 0.05, 'l1_ratio': 0.5, 'max_iter': 10000, 'fit_intercept': True, 'random_state': 42, 'standardize': True}","{'lags': (6,), 'rm_windows': (), 'ema_spans': ()}",200,0.4584961136297263
2019-08-01,"{'alpha': 0.05, 'l1_ratio': 0.5, 'max_iter': 10000, 'fit_intercept': True, 'random_state': 42, 'standardize': True}","{'lags': (3,), 'rm_windows': (), 'ema_spans': ()}",200,0.17084002278643612
2019-09-01,"{'alpha': 0.05, 'l1_ratio': 0.5, 'max_iter': 10000, 'fit_intercept': True, 'random_state': 42, 'standardize': True}","{'lags': (3,), 'rm_windows': (), 'ema_spans': ()}",200,0.8614069361433947
2019-10-01,"{'alpha': 0.05, 'l1_ratio': 0.5, 'max_iter': 10000, 'fit_intercept': True, 'random_state': 42, 'standardize': True}","{'lags': (3,), 'rm_windows': (), 'ema_spans': ()}",200,0.06251647558910411
2019-11-01,"{'alpha': 0.05, 'l1_ratio': 0.5, 'max_iter': 10000, 'fit_intercept': True, 'random_state': 42, 'standardize': True}","{'lags': (3,), 'rm_windows': (), 'ema_spans': ()}",200,0.29689132613268326
2019-12-01,"{'alpha': 0.05, 'l1_ratio': 0.5, 'max_iter': 10000, 'fit_intercept': True, 'random_state': 42, 'standardize': True}","{'lags': (6,), 'rm_windows': (), 'ema_spans': ()}",200,2.3221769485638504
2020-01-01,"{'alpha': 0.05, 'l1_ratio': 0.5, 'max_iter': 10000, 'fit_intercept': True, 'random_state': 42, 'standardize': True}","{'lags': (6,), 'rm_windows': (), 'ema_spans': ()}",200,3.0550362879411943
2020-02-01,"{'alpha': 0.05, 'l1_ratio': 0.5, 'max_iter': 10000, 'fit_intercept': True, 'random_state': 42, 'standardize': True}","{'lags': (3,), 'rm_windows': (), 'ema_spans': ()}",200,0.14791596481476865
2020-03-01,"{'alpha': 0.05, 'l1_ratio': 0.5, 'max_iter': 10000, 'fit_intercept': True, 'random_state': 42, 'standardize': True}","{'lags': (6,), 'rm_windows': (), 'ema_spans': ()}",200,8.797159723172713
2020-04-01,"{'alpha': 0.05, 'l1_ratio': 0.5, 'max_iter': 10000, 'fit_intercept': True, 'random_state': 42, 'standardize': True}","{'lags': (3,), 'rm_windows': (), 'ema_spans': ()}",200,17.416464442176114
2020-05-01,"{'alpha': 0.05, 'l1_ratio': 0.5, 'max_iter': 10000, 'fit_intercept': True, 'random_state': 42, 'standardize': True}","{'lags': (6,), 'rm_windows': (), 'ema_spans': ()}",200,10.222927167222533
2020-06-01,"{'alpha': 0.05, 'l1_ratio': 0.5, 'max_iter': 10000, 'fit_intercept': True, 'random_state': 42, 'standardize': True}","{'lags': (3,), 'rm_windows': (), 'ema_spans': ()}",200,11.964402356497553
2020-07-01,"{'alpha': 0.05, 'l1_ratio': 0.5, 'max_iter': 10000, 'fit_intercept': True, 'random_state': 42, 'standardize': True}","{'lags': (6,), 'rm_windows': (), 'ema_spans': ()}",200,1.3153370397445499
2020-08-01,"{'alpha': 0.05, 'l1_ratio': 0.5, 'max_iter': 10000, 'fit_intercept': True, 'random_state': 42, 'standardize': True}","{'lags': (6,), 'rm_windows': (), 'ema_spans': ()}",200,0.13496744945591327
2020-09-01,"{'alpha': 0.05, 'l1_ratio': 0.5, 'max_iter': 10000, 'fit_intercept': True, 'random_state': 42, 'standardize': True}","{'lags': (6,), 'rm_windows': (), 'ema_spans': ()}",200,3.743939612458762
2020-10-01,"{'alpha': 0.05, 'l1_ratio': 0.5, 'max_iter': 10000, 'fit_intercept': True, 'random_state': 42, 'standardize': True}","{'lags': (6,), 'rm_windows': (), 'ema_spans': ()}",200,2.640292614475345
2020-11-01,"{'alpha': 0.05, 'l1_ratio': 0.5, 'max_iter': 10000, 'fit_intercept': True, 'random_state': 42, 'standardize': True}","{'lags': (6,), 'rm_windows': (), 'ema_spans': ()}",200,0.9215700658302587
2020-12-01,"{'alpha': 0.05, 'l1_ratio': 0.5, 'max_iter': 10000, 'fit_intercept': True, 'random_state': 42, 'standardize': True}","{'lags': (6,), 'rm_windows': (), 'ema_spans': ()}",200,0.7049664728701788
2021-01-01,"{'alpha': 0.05, 'l1_ratio': 0.5, 'max_iter': 10000, 'fit_intercept': True, 'random_state': 42, 'standardize': True}","{'lags': (3,), 'rm_windows': (), 'ema_spans': ()}",200,2.912981076175435
2021-02-01,"{'alpha': 0.05, 'l1_ratio': 0.5, 'max_iter': 10000, 'fit_intercept': True, 'random_state': 42, 'standardize': True}","{'lags': (3,), 'rm_windows': (), 'ema_spans': ()}",200,1.9264830857949946
2021-03-01,"{'alpha': 0.05, 'l1_ratio': 0.5, 'max_iter': 10000, 'fit_intercept': True, 'random_state': 42, 'standardize': True}","{'lags': (6,), 'rm_windows': (), 'ema_spans': ()}",200,3.745051824024758
2021-04-01,"{'alpha': 0.05, 'l1_ratio': 0.5, 'max_iter': 10000, 'fit_intercept': True, 'random_state': 42, 'standardize': True}","{'lags': (6,), 'rm_windows': (), 'ema_spans': ()}",200,0.2917950343932874
2021-05-01,"{'alpha': 0.05, 'l1_ratio': 0.5, 'max_iter': 10000, 'fit_intercept': True, 'random_state': 42, 'standardize': True}","{'lags': (6,), 'rm_windows': (), 'ema_spans': ()}",200,0.5389745778479873
2021-06-01,"{'alpha': 0.05, 'l1_ratio': 0.5, 'max_iter': 10000, 'fit_intercept': True, 'random_state': 42, 'standardize': True}","{'lags': (3,), 'rm_windows': (), 'ema_spans': ()}",200,0.7668488616251923
2021-07-01,"{'alpha': 0.05, 'l1_ratio': 0.5, 'max_iter': 10000, 'fit_intercept': True, 'random_state': 42, 'standardize': True}","{'lags': (3,), 'rm_windows': (), 'ema_spans': ()}",200,0.8724010118783917
2021-08-01,"{'alpha': 0.05, 'l1_ratio': 0.5, 'max_iter': 10000, 'fit_intercept': True, 'random_state': 42, 'standardize': True}","{'lags': (6,), 'rm_windows': (), 'ema_spans': ()}",200,3.4760796159650194
2021-09-01,"{'alpha': 0.05, 'l1_ratio': 0.5, 'max_iter': 10000, 'fit_intercept': True, 'random_state': 42, 'standardize': True}","{'lags': (3,), 'rm_windows': (), 'ema_spans': ()}",200,1.4385178782401722
2021-10-01,"{'alpha': 0.05, 'l1_ratio': 0.5, 'max_iter': 10000, 'fit_intercept': True, 'random_state': 42, 'standardize': True}","{'lags': (6,), 'rm_windows': (), 'ema_spans': ()}",200,2.988397658217047
2021-11-01,"{'alpha': 0.05, 'l1_ratio': 0.5, 'max_iter': 10000, 'fit_intercept': True, 'random_state': 42, 'standardize': True}","{'lags': (3,), 'rm_windows': (), 'ema_spans': ()}",200,0.6210024274048951
2021-12-01,"{'alpha': 0.05, 'l1_ratio': 0.5, 'max_iter': 10000, 'fit_intercept': True, 'random_state': 42, 'standardize': True}","{'lags': (3,), 'rm_windows': (), 'ema_spans': ()}",200,0.3887110254412076
2022-01-01,"{'alpha': 0.05, 'l1_ratio': 0.5, 'max_iter': 10000, 'fit_intercept': True, 'random_state': 42, 'standardize': True}","{'lags': (6,), 'rm_windows': (), 'ema_spans': ()}",200,0.10538498787612158
2022-02-01,"{'alpha': 0.05, 'l1_ratio': 0.5, 'max_iter': 10000, 'fit_intercept': True, 'random_state': 42, 'standardize': True}","{'lags': (6,), 'rm_windows': (), 'ema_spans': ()}",200,0.35031916471314806
2022-03-01,"{'alpha': 0.05, 'l1_ratio': 0.5, 'max_iter': 10000, 'fit_intercept': True, 'random_state': 42, 'standardize': True}","{'lags': (6,), 'rm_windows': (), 'ema_spans': ()}",200,3.702708560589164
2022-04-01,"{'alpha': 0.05, 'l1_ratio': 0.5, 'max_iter': 10000, 'fit_intercept': True, 'random_state': 42, 'standardize': True}","{'lags': (3,), 'rm_windows': (), 'ema_spans': ()}",200,1.0812677751009603
2022-05-01,"{'alpha': 0.05, 'l1_ratio': 0.5, 'max_iter': 10000, 'fit_intercept': True, 'random_state': 42, 'standardize': True}","{'lags': (3,), 'rm_windows': (), 'ema_spans': ()}",200,0.1906231013409414
2022-06-01,"{'alpha': 0.05, 'l1_ratio': 0.5, 'max_iter': 10000, 'fit_intercept': True, 'random_state': 42, 'standardize': True}","{'lags': (3,), 'rm_windows': (), 'ema_spans': ()}",200,1.0154212841224532
2022-07-01,"{'alpha': 0.05, 'l1_ratio': 0.5, 'max_iter': 10000, 'fit_intercept': True, 'random_state': 42, 'standardize': True}","{'lags': (3,), 'rm_windows': (), 'ema_spans': ()}",200,0.14083255934710642
2022-08-01,"{'alpha': 0.05, 'l1_ratio': 0.5, 'max_iter': 10000, 'fit_intercept': True, 'random_state': 42, 'standardize': True}","{'lags': (6,), 'rm_windows': (), 'ema_spans': ()}",200,0.06375136130958636
2022-09-01,"{'alpha': 0.05, 'l1_ratio': 0.5, 'max_iter': 10000, 'fit_intercept': True, 'random_state': 42, 'standardize': True}","{'lags': (6,), 'rm_windows': (), 'ema_spans': ()}",200,0.635090255231505
2022-10-01,"{'alpha': 0.05, 'l1_ratio': 0.5, 'max_iter': 10000, 'fit_intercept': True, 'random_state': 42, 'standardize': True}","{'lags': (3,), 'rm_windows': (), 'ema_spans': ()}",200,0.6122577474999974
2022-11-01,"{'alpha': 0.05, 'l1_ratio': 0.5, 'max_iter': 10000, 'fit_intercept': True, 'random_state': 42, 'standardize': True}","{'lags': (3,), 'rm_windows': (), 'ema_spans': ()}",200,2.094595973181109
2022-12-01,"{'alpha': 0.05, 'l1_ratio': 0.5, 'max_iter': 10000, 'fit_intercept': True, 'random_state': 42, 'standardize': True}","{'lags': (3,), 'rm_windows': (), 'ema_spans': ()}",200,2.7229296640645844
2023-01-01,"{'alpha': 0.05, 'l1_ratio': 0.5, 'max_iter': 10000, 'fit_intercept': True, 'random_state': 42, 'standardize': True}","{'lags': (6,), 'rm_windows': (), 'ema_spans': ()}",200,3.446514765225208
2023-02-01,"{'alpha': 0.05, 'l1_ratio': 0.5, 'max_iter': 10000, 'fit_intercept': True, 'random_state': 42, 'standardize': True}","{'lags': (6,), 'rm_windows': (), 'ema_spans': ()}",200,1.5259657119259087
2023-03-01,"{'alpha': 0.05, 'l1_ratio': 0.5, 'max_iter': 10000, 'fit_intercept': True, 'random_state': 42, 'standardize': True}","{'lags': (6,), 'rm_windows': (), 'ema_spans': ()}",200,2.7723765425182423
2023-04-01,"{'alpha': 0.05, 'l1_ratio': 0.5, 'max_iter': 10000, 'fit_intercept': True, 'random_state': 42, 'standardize': True}","{'lags': (3,), 'rm_windows': (), 'ema_spans': ()}",200,0.1215269688859884
2023-05-01,"{'alpha': 0.05, 'l1_ratio': 0.5, 'max_iter': 10000, 'fit_intercept': True, 'random_state': 42, 'standardize': True}","{'lags': (6,), 'rm_windows': (), 'ema_spans': ()}",200,0.9779391733382656
2023-06-01,"{'alpha': 0.05, 'l1_ratio': 0.5, 'max_iter': 10000, 'fit_intercept': True, 'random_state': 42, 'standardize': True}","{'lags': (6,), 'rm_windows': (), 'ema_spans': ()}",200,0.47468377602530953
2023-07-01,"{'alpha': 0.05, 'l1_ratio': 0.5, 'max_iter': 10000, 'fit_intercept': True, 'random_state': 42, 'standardize': True}","{'lags': (6,), 'rm_windows': (), 'ema_spans': ()}",200,0.16203326540944007
2023-08-01,"{'alpha': 0.05, 'l1_ratio': 0.5, 'max_iter': 10000, 'fit_intercept': True, 'random_state': 42, 'standardize': True}","{'lags': (6,), 'rm_windows': (), 'ema_spans': ()}",200,0.36389224447410895
2023-09-01,"{'alpha': 0.05, 'l1_ratio': 0.5, 'max_iter': 10000, 'fit_intercept': True, 'random_state': 42, 'standardize': True}","{'lags': (3,), 'rm_windows': (), 'ema_spans': ()}",200,0.9961952694616267
2023-10-01,"{'alpha': 0.05, 'l1_ratio': 0.5, 'max_iter': 10000, 'fit_intercept': True, 'random_state': 42, 'standardize': True}","{'lags': (6,), 'rm_windows': (), 'ema_spans': ()}",200,0.12640982264977463
2023-11-01,"{'alpha': 0.05, 'l1_ratio': 0.5, 'max_iter': 10000, 'fit_intercept': True, 'random_state': 42, 'standardize': True}","{'lags': (3,), 'rm_windows': (), 'ema_spans': ()}",200,0.6910188504723355
2023-12-01,"{'alpha': 0.05, 'l1_ratio': 0.5, 'max_iter': 10000, 'fit_intercept': True, 'random_state': 42, 'standardize': True}","{'lags': (6,), 'rm_windows': (), 'ema_spans': ()}",200,0.8347616656060413
2024-01-01,"{'alpha': 0.05, 'l1_ratio': 0.5, 'max_iter': 10000, 'fit_intercept': True, 'random_state': 42, 'standardize': True}","{'lags': (3,), 'rm_windows': (), 'ema_spans': ()}",200,0.741801572997854
2024-02-01,"{'alpha': 0.05, 'l1_ratio': 0.5, 'max_iter': 10000, 'fit_intercept': True, 'random_state': 42, 'standardize': True}","{'lags': (6,), 'rm_windows': (), 'ema_spans': ()}",200,0.4329053187348674
2024-03-01,"{'alpha': 0.05, 'l1_ratio': 0.5, 'max_iter': 10000, 'fit_intercept': True, 'random_state': 42, 'standardize': True}","{'lags': (6,), 'rm_windows': (), 'ema_spans': ()}",200,0.9015090802025773
2024-04-01,"{'alpha': 0.05, 'l1_ratio': 0.5, 'max_iter': 10000, 'fit_intercept': True, 'random_state': 42, 'standardize': True}","{'lags': (6,), 'rm_windows': (), 'ema_spans': ()}",200,0.2749067728726099
2024-05-01,"{'alpha': 0.05, 'l1_ratio': 0.5, 'max_iter': 10000, 'fit_intercept': True, 'random_state': 42, 'standardize': True}","{'lags': (6,), 'rm_windows': (), 'ema_spans': ()}",200,2.3652182408410996
2024-06-01,"{'alpha': 0.05, 'l1_ratio': 0.5, 'max_iter': 10000, 'fit_intercept': True, 'random_state': 42, 'standardize': True}","{'lags': (3,), 'rm_windows': (), 'ema_spans': ()}",200,1.7910509420109757
2024-07-01,"{'alpha': 0.05, 'l1_ratio': 0.5, 'max_iter': 10000, 'fit_intercept': True, 'random_state': 42, 'standardize': True}","{'lags': (6,), 'rm_windows': (), 'ema_spans': ()}",200,2.4360489556680567
2024-08-01,"{'alpha': 0.05, 'l1_ratio': 0.5, 'max_iter': 10000, 'fit_intercept': True, 'random_state': 42, 'standardize': True}","{'lags': (3,), 'rm_windows': (), 'ema_spans': ()}",200,1.6782708889765539
2024-09-01,"{'alpha': 0.05, 'l1_ratio': 0.5, 'max_iter': 10000, 'fit_intercept': True, 'random_state': 42, 'standardize': True}","{'lags': (3,), 'rm_windows': (), 'ema_spans': ()}",200,0.05413928452629424
2024-10-01,"{'alpha': 0.05, 'l1_ratio': 0.5, 'max_iter': 10000, 'fit_intercept': True, 'random_state': 42, 'standardize': True}","{'lags': (3,), 'rm_windows': (), 'ema_spans': ()}",200,0.31130715687728033
2024-11-01,"{'alpha': 0.05, 'l1_ratio': 0.5, 'max_iter': 10000, 'fit_intercept': True, 'random_state': 42, 'standardize': True}","{'lags': (6,), 'rm_windows': (), 'ema_spans': ()}",200,0.6954576577545613
2024-12-01,"{'alpha': 0.05, 'l1_ratio': 0.5, 'max_iter': 10000, 'fit_intercept': True, 'random_state': 42, 'standardize': True}","{'lags': (3,), 'rm_windows': (), 'ema_spans': ()}",200,1.7632574604265154
