block,model,config_id,config_global_id,config_json
block1,elastic_net_without_target_700,337,336,"{""alpha"": 0.75, ""corr_spec"": {""lam"": null, ""mode"": ""expanding""}, ""dr_method"": ""pca"", ""global_id"": 336, ""k1_topk"": 700, ""lag_candidates"": [0, 1, 2, 3, 4, 5, 6], ""lambda"": 0.0001, ""pca_kmax"": 30, ""pca_var_target"": 0.99, ""redundancy_param"": 1.0, ""sample_weight_decay"": 0.99, ""seed"": 42, ""target_block_set"": null}"
block1,elastic_net_without_target_700,338,337,"{""alpha"": 0.75, ""corr_spec"": {""lam"": null, ""mode"": ""expanding""}, ""dr_method"": ""pca"", ""global_id"": 337, ""k1_topk"": 700, ""lag_candidates"": [0, 1, 2, 3, 4, 5, 6], ""lambda"": 0.001, ""pca_kmax"": 30, ""pca_var_target"": 0.99, ""redundancy_param"": 1.0, ""sample_weight_decay"": 0.99, ""seed"": 42, ""target_block_set"": null}"
block1,elastic_net_without_target_700,339,338,"{""alpha"": 0.75, ""corr_spec"": {""lam"": null, ""mode"": ""expanding""}, ""dr_method"": ""pca"", ""global_id"": 338, ""k1_topk"": 700, ""lag_candidates"": [0, 1, 2, 3, 4, 5, 6], ""lambda"": 0.01, ""pca_kmax"": 30, ""pca_var_target"": 0.99, ""redundancy_param"": 1.0, ""sample_weight_decay"": 0.99, ""seed"": 42, ""target_block_set"": null}"
block1,elastic_net_without_target_700,340,339,"{""alpha"": 0.75, ""corr_spec"": {""lam"": null, ""mode"": ""expanding""}, ""dr_method"": ""pca"", ""global_id"": 339, ""k1_topk"": 700, ""lag_candidates"": [0, 1, 2, 3, 4, 5, 6], ""lambda"": 0.1, ""pca_kmax"": 30, ""pca_var_target"": 0.99, ""redundancy_param"": 1.0, ""sample_weight_decay"": 0.99, ""seed"": 42, ""target_block_set"": null}"
block1,elastic_net_without_target_700,341,340,"{""alpha"": 0.75, ""corr_spec"": {""lam"": null, ""mode"": ""expanding""}, ""dr_method"": ""pca"", ""global_id"": 340, ""k1_topk"": 700, ""lag_candidates"": [0, 1, 2, 3, 4, 5, 6], ""lambda"": 1.0, ""pca_kmax"": 30, ""pca_var_target"": 0.99, ""redundancy_param"": 1.0, ""sample_weight_decay"": 0.99, ""seed"": 42, ""target_block_set"": null}"
block1,elastic_net_without_target_700,342,341,"{""alpha"": 0.75, ""corr_spec"": {""lam"": null, ""mode"": ""expanding""}, ""dr_method"": ""pca"", ""global_id"": 341, ""k1_topk"": 700, ""lag_candidates"": [0, 1, 2, 3, 4, 5, 6], ""lambda"": 10.0, ""pca_kmax"": 30, ""pca_var_target"": 0.99, ""redundancy_param"": 1.0, ""sample_weight_decay"": 0.99, ""seed"": 42, ""target_block_set"": null}"
block1,elastic_net_without_target_700,343,342,"{""alpha"": 0.75, ""corr_spec"": {""lam"": null, ""mode"": ""expanding""}, ""dr_method"": ""pca"", ""global_id"": 342, ""k1_topk"": 700, ""lag_candidates"": [0, 1, 2, 3, 4, 5, 6], ""lambda"": 100.0, ""pca_kmax"": 30, ""pca_var_target"": 0.99, ""redundancy_param"": 1.0, ""sample_weight_decay"": 0.99, ""seed"": 42, ""target_block_set"": null}"
block1,elastic_net_without_target_700,344,343,"{""alpha"": 1.0, ""corr_spec"": {""lam"": null, ""mode"": ""expanding""}, ""dr_method"": ""pca"", ""global_id"": 343, ""k1_topk"": 700, ""lag_candidates"": [0, 1, 2, 3, 4, 5, 6], ""lambda"": 0.0001, ""pca_kmax"": 30, ""pca_var_target"": 0.99, ""redundancy_param"": 1.0, ""sample_weight_decay"": 0.99, ""seed"": 42, ""target_block_set"": null}"
block1,elastic_net_without_target_700,345,344,"{""alpha"": 1.0, ""corr_spec"": {""lam"": null, ""mode"": ""expanding""}, ""dr_method"": ""pca"", ""global_id"": 344, ""k1_topk"": 700, ""lag_candidates"": [0, 1, 2, 3, 4, 5, 6], ""lambda"": 0.001, ""pca_kmax"": 30, ""pca_var_target"": 0.99, ""redundancy_param"": 1.0, ""sample_weight_decay"": 0.99, ""seed"": 42, ""target_block_set"": null}"
block1,elastic_net_without_target_700,346,345,"{""alpha"": 1.0, ""corr_spec"": {""lam"": null, ""mode"": ""expanding""}, ""dr_method"": ""pca"", ""global_id"": 345, ""k1_topk"": 700, ""lag_candidates"": [0, 1, 2, 3, 4, 5, 6], ""lambda"": 0.01, ""pca_kmax"": 30, ""pca_var_target"": 0.99, ""redundancy_param"": 1.0, ""sample_weight_decay"": 0.99, ""seed"": 42, ""target_block_set"": null}"
block1,elastic_net_without_target_700,347,346,"{""alpha"": 1.0, ""corr_spec"": {""lam"": null, ""mode"": ""expanding""}, ""dr_method"": ""pca"", ""global_id"": 346, ""k1_topk"": 700, ""lag_candidates"": [0, 1, 2, 3, 4, 5, 6], ""lambda"": 0.1, ""pca_kmax"": 30, ""pca_var_target"": 0.99, ""redundancy_param"": 1.0, ""sample_weight_decay"": 0.99, ""seed"": 42, ""target_block_set"": null}"
block1,elastic_net_without_target_700,348,347,"{""alpha"": 1.0, ""corr_spec"": {""lam"": null, ""mode"": ""expanding""}, ""dr_method"": ""pca"", ""global_id"": 347, ""k1_topk"": 700, ""lag_candidates"": [0, 1, 2, 3, 4, 5, 6], ""lambda"": 1.0, ""pca_kmax"": 30, ""pca_var_target"": 0.99, ""redundancy_param"": 1.0, ""sample_weight_decay"": 0.99, ""seed"": 42, ""target_block_set"": null}"
block1,elastic_net_without_target_700,349,348,"{""alpha"": 1.0, ""corr_spec"": {""lam"": null, ""mode"": ""expanding""}, ""dr_method"": ""pca"", ""global_id"": 348, ""k1_topk"": 700, ""lag_candidates"": [0, 1, 2, 3, 4, 5, 6], ""lambda"": 10.0, ""pca_kmax"": 30, ""pca_var_target"": 0.99, ""redundancy_param"": 1.0, ""sample_weight_decay"": 0.99, ""seed"": 42, ""target_block_set"": null}"
block1,elastic_net_without_target_700,350,349,"{""alpha"": 1.0, ""corr_spec"": {""lam"": null, ""mode"": ""expanding""}, ""dr_method"": ""pca"", ""global_id"": 349, ""k1_topk"": 700, ""lag_candidates"": [0, 1, 2, 3, 4, 5, 6], ""lambda"": 100.0, ""pca_kmax"": 30, ""pca_var_target"": 0.99, ""redundancy_param"": 1.0, ""sample_weight_decay"": 0.99, ""seed"": 42, ""target_block_set"": null}"
block1,elastic_net_without_target_700,351,350,"{""alpha"": 0.0, ""corr_spec"": {""lam"": null, ""mode"": ""expanding""}, ""dr_method"": ""pls"", ""global_id"": 350, ""k1_topk"": 700, ""lag_candidates"": [0, 1, 2, 3, 4, 5, 6], ""lambda"": 0.0001, ""pls_components"": 30, ""redundancy_param"": 1.0, ""sample_weight_decay"": null, ""seed"": 42, ""target_block_set"": null}"
block1,elastic_net_without_target_700,352,351,"{""alpha"": 0.0, ""corr_spec"": {""lam"": null, ""mode"": ""expanding""}, ""dr_method"": ""pls"", ""global_id"": 351, ""k1_topk"": 700, ""lag_candidates"": [0, 1, 2, 3, 4, 5, 6], ""lambda"": 0.001, ""pls_components"": 30, ""redundancy_param"": 1.0, ""sample_weight_decay"": null, ""seed"": 42, ""target_block_set"": null}"
block1,elastic_net_without_target_700,353,352,"{""alpha"": 0.0, ""corr_spec"": {""lam"": null, ""mode"": ""expanding""}, ""dr_method"": ""pls"", ""global_id"": 352, ""k1_topk"": 700, ""lag_candidates"": [0, 1, 2, 3, 4, 5, 6], ""lambda"": 0.01, ""pls_components"": 30, ""redundancy_param"": 1.0, ""sample_weight_decay"": null, ""seed"": 42, ""target_block_set"": null}"
block1,elastic_net_without_target_700,354,353,"{""alpha"": 0.0, ""corr_spec"": {""lam"": null, ""mode"": ""expanding""}, ""dr_method"": ""pls"", ""global_id"": 353, ""k1_topk"": 700, ""lag_candidates"": [0, 1, 2, 3, 4, 5, 6], ""lambda"": 0.1, ""pls_components"": 30, ""redundancy_param"": 1.0, ""sample_weight_decay"": null, ""seed"": 42, ""target_block_set"": null}"
block1,elastic_net_without_target_700,355,354,"{""alpha"": 0.0, ""corr_spec"": {""lam"": null, ""mode"": ""expanding""}, ""dr_method"": ""pls"", ""global_id"": 354, ""k1_topk"": 700, ""lag_candidates"": [0, 1, 2, 3, 4, 5, 6], ""lambda"": 1.0, ""pls_components"": 30, ""redundancy_param"": 1.0, ""sample_weight_decay"": null, ""seed"": 42, ""target_block_set"": null}"
block1,elastic_net_without_target_700,356,355,"{""alpha"": 0.0, ""corr_spec"": {""lam"": null, ""mode"": ""expanding""}, ""dr_method"": ""pls"", ""global_id"": 355, ""k1_topk"": 700, ""lag_candidates"": [0, 1, 2, 3, 4, 5, 6], ""lambda"": 10.0, ""pls_components"": 30, ""redundancy_param"": 1.0, ""sample_weight_decay"": null, ""seed"": 42, ""target_block_set"": null}"
block1,elastic_net_without_target_700,357,356,"{""alpha"": 0.0, ""corr_spec"": {""lam"": null, ""mode"": ""expanding""}, ""dr_method"": ""pls"", ""global_id"": 356, ""k1_topk"": 700, ""lag_candidates"": [0, 1, 2, 3, 4, 5, 6], ""lambda"": 100.0, ""pls_components"": 30, ""redundancy_param"": 1.0, ""sample_weight_decay"": null, ""seed"": 42, ""target_block_set"": null}"
block1,elastic_net_without_target_700,358,357,"{""alpha"": 0.25, ""corr_spec"": {""lam"": null, ""mode"": ""expanding""}, ""dr_method"": ""pls"", ""global_id"": 357, ""k1_topk"": 700, ""lag_candidates"": [0, 1, 2, 3, 4, 5, 6], ""lambda"": 0.0001, ""pls_components"": 30, ""redundancy_param"": 1.0, ""sample_weight_decay"": null, ""seed"": 42, ""target_block_set"": null}"
block1,elastic_net_without_target_700,359,358,"{""alpha"": 0.25, ""corr_spec"": {""lam"": null, ""mode"": ""expanding""}, ""dr_method"": ""pls"", ""global_id"": 358, ""k1_topk"": 700, ""lag_candidates"": [0, 1, 2, 3, 4, 5, 6], ""lambda"": 0.001, ""pls_components"": 30, ""redundancy_param"": 1.0, ""sample_weight_decay"": null, ""seed"": 42, ""target_block_set"": null}"
block1,elastic_net_without_target_700,360,359,"{""alpha"": 0.25, ""corr_spec"": {""lam"": null, ""mode"": ""expanding""}, ""dr_method"": ""pls"", ""global_id"": 359, ""k1_topk"": 700, ""lag_candidates"": [0, 1, 2, 3, 4, 5, 6], ""lambda"": 0.01, ""pls_components"": 30, ""redundancy_param"": 1.0, ""sample_weight_decay"": null, ""seed"": 42, ""target_block_set"": null}"
block1,elastic_net_without_target_700,361,360,"{""alpha"": 0.25, ""corr_spec"": {""lam"": null, ""mode"": ""expanding""}, ""dr_method"": ""pls"", ""global_id"": 360, ""k1_topk"": 700, ""lag_candidates"": [0, 1, 2, 3, 4, 5, 6], ""lambda"": 0.1, ""pls_components"": 30, ""redundancy_param"": 1.0, ""sample_weight_decay"": null, ""seed"": 42, ""target_block_set"": null}"
block1,elastic_net_without_target_700,362,361,"{""alpha"": 0.25, ""corr_spec"": {""lam"": null, ""mode"": ""expanding""}, ""dr_method"": ""pls"", ""global_id"": 361, ""k1_topk"": 700, ""lag_candidates"": [0, 1, 2, 3, 4, 5, 6], ""lambda"": 1.0, ""pls_components"": 30, ""redundancy_param"": 1.0, ""sample_weight_decay"": null, ""seed"": 42, ""target_block_set"": null}"
block1,elastic_net_without_target_700,363,362,"{""alpha"": 0.25, ""corr_spec"": {""lam"": null, ""mode"": ""expanding""}, ""dr_method"": ""pls"", ""global_id"": 362, ""k1_topk"": 700, ""lag_candidates"": [0, 1, 2, 3, 4, 5, 6], ""lambda"": 10.0, ""pls_components"": 30, ""redundancy_param"": 1.0, ""sample_weight_decay"": null, ""seed"": 42, ""target_block_set"": null}"
block1,elastic_net_without_target_700,364,363,"{""alpha"": 0.25, ""corr_spec"": {""lam"": null, ""mode"": ""expanding""}, ""dr_method"": ""pls"", ""global_id"": 363, ""k1_topk"": 700, ""lag_candidates"": [0, 1, 2, 3, 4, 5, 6], ""lambda"": 100.0, ""pls_components"": 30, ""redundancy_param"": 1.0, ""sample_weight_decay"": null, ""seed"": 42, ""target_block_set"": null}"
block1,elastic_net_without_target_700,365,364,"{""alpha"": 0.5, ""corr_spec"": {""lam"": null, ""mode"": ""expanding""}, ""dr_method"": ""pls"", ""global_id"": 364, ""k1_topk"": 700, ""lag_candidates"": [0, 1, 2, 3, 4, 5, 6], ""lambda"": 0.0001, ""pls_components"": 30, ""redundancy_param"": 1.0, ""sample_weight_decay"": null, ""seed"": 42, ""target_block_set"": null}"
block1,elastic_net_without_target_700,366,365,"{""alpha"": 0.5, ""corr_spec"": {""lam"": null, ""mode"": ""expanding""}, ""dr_method"": ""pls"", ""global_id"": 365, ""k1_topk"": 700, ""lag_candidates"": [0, 1, 2, 3, 4, 5, 6], ""lambda"": 0.001, ""pls_components"": 30, ""redundancy_param"": 1.0, ""sample_weight_decay"": null, ""seed"": 42, ""target_block_set"": null}"
block1,elastic_net_without_target_700,367,366,"{""alpha"": 0.5, ""corr_spec"": {""lam"": null, ""mode"": ""expanding""}, ""dr_method"": ""pls"", ""global_id"": 366, ""k1_topk"": 700, ""lag_candidates"": [0, 1, 2, 3, 4, 5, 6], ""lambda"": 0.01, ""pls_components"": 30, ""redundancy_param"": 1.0, ""sample_weight_decay"": null, ""seed"": 42, ""target_block_set"": null}"
block1,elastic_net_without_target_700,368,367,"{""alpha"": 0.5, ""corr_spec"": {""lam"": null, ""mode"": ""expanding""}, ""dr_method"": ""pls"", ""global_id"": 367, ""k1_topk"": 700, ""lag_candidates"": [0, 1, 2, 3, 4, 5, 6], ""lambda"": 0.1, ""pls_components"": 30, ""redundancy_param"": 1.0, ""sample_weight_decay"": null, ""seed"": 42, ""target_block_set"": null}"
block1,elastic_net_without_target_700,369,368,"{""alpha"": 0.5, ""corr_spec"": {""lam"": null, ""mode"": ""expanding""}, ""dr_method"": ""pls"", ""global_id"": 368, ""k1_topk"": 700, ""lag_candidates"": [0, 1, 2, 3, 4, 5, 6], ""lambda"": 1.0, ""pls_components"": 30, ""redundancy_param"": 1.0, ""sample_weight_decay"": null, ""seed"": 42, ""target_block_set"": null}"
block1,elastic_net_without_target_700,370,369,"{""alpha"": 0.5, ""corr_spec"": {""lam"": null, ""mode"": ""expanding""}, ""dr_method"": ""pls"", ""global_id"": 369, ""k1_topk"": 700, ""lag_candidates"": [0, 1, 2, 3, 4, 5, 6], ""lambda"": 10.0, ""pls_components"": 30, ""redundancy_param"": 1.0, ""sample_weight_decay"": null, ""seed"": 42, ""target_block_set"": null}"
block1,elastic_net_without_target_700,371,370,"{""alpha"": 0.5, ""corr_spec"": {""lam"": null, ""mode"": ""expanding""}, ""dr_method"": ""pls"", ""global_id"": 370, ""k1_topk"": 700, ""lag_candidates"": [0, 1, 2, 3, 4, 5, 6], ""lambda"": 100.0, ""pls_components"": 30, ""redundancy_param"": 1.0, ""sample_weight_decay"": null, ""seed"": 42, ""target_block_set"": null}"
block1,elastic_net_without_target_700,372,371,"{""alpha"": 0.75, ""corr_spec"": {""lam"": null, ""mode"": ""expanding""}, ""dr_method"": ""pls"", ""global_id"": 371, ""k1_topk"": 700, ""lag_candidates"": [0, 1, 2, 3, 4, 5, 6], ""lambda"": 0.0001, ""pls_components"": 30, ""redundancy_param"": 1.0, ""sample_weight_decay"": null, ""seed"": 42, ""target_block_set"": null}"
block1,elastic_net_without_target_700,373,372,"{""alpha"": 0.75, ""corr_spec"": {""lam"": null, ""mode"": ""expanding""}, ""dr_method"": ""pls"", ""global_id"": 372, ""k1_topk"": 700, ""lag_candidates"": [0, 1, 2, 3, 4, 5, 6], ""lambda"": 0.001, ""pls_components"": 30, ""redundancy_param"": 1.0, ""sample_weight_decay"": null, ""seed"": 42, ""target_block_set"": null}"
block1,elastic_net_without_target_700,374,373,"{""alpha"": 0.75, ""corr_spec"": {""lam"": null, ""mode"": ""expanding""}, ""dr_method"": ""pls"", ""global_id"": 373, ""k1_topk"": 700, ""lag_candidates"": [0, 1, 2, 3, 4, 5, 6], ""lambda"": 0.01, ""pls_components"": 30, ""redundancy_param"": 1.0, ""sample_weight_decay"": null, ""seed"": 42, ""target_block_set"": null}"
block1,elastic_net_without_target_700,375,374,"{""alpha"": 0.75, ""corr_spec"": {""lam"": null, ""mode"": ""expanding""}, ""dr_method"": ""pls"", ""global_id"": 374, ""k1_topk"": 700, ""lag_candidates"": [0, 1, 2, 3, 4, 5, 6], ""lambda"": 0.1, ""pls_components"": 30, ""redundancy_param"": 1.0, ""sample_weight_decay"": null, ""seed"": 42, ""target_block_set"": null}"
block1,elastic_net_without_target_700,376,375,"{""alpha"": 0.75, ""corr_spec"": {""lam"": null, ""mode"": ""expanding""}, ""dr_method"": ""pls"", ""global_id"": 375, ""k1_topk"": 700, ""lag_candidates"": [0, 1, 2, 3, 4, 5, 6], ""lambda"": 1.0, ""pls_components"": 30, ""redundancy_param"": 1.0, ""sample_weight_decay"": null, ""seed"": 42, ""target_block_set"": null}"
block1,elastic_net_without_target_700,377,376,"{""alpha"": 0.75, ""corr_spec"": {""lam"": null, ""mode"": ""expanding""}, ""dr_method"": ""pls"", ""global_id"": 376, ""k1_topk"": 700, ""lag_candidates"": [0, 1, 2, 3, 4, 5, 6], ""lambda"": 10.0, ""pls_components"": 30, ""redundancy_param"": 1.0, ""sample_weight_decay"": null, ""seed"": 42, ""target_block_set"": null}"
block1,elastic_net_without_target_700,378,377,"{""alpha"": 0.75, ""corr_spec"": {""lam"": null, ""mode"": ""expanding""}, ""dr_method"": ""pls"", ""global_id"": 377, ""k1_topk"": 700, ""lag_candidates"": [0, 1, 2, 3, 4, 5, 6], ""lambda"": 100.0, ""pls_components"": 30, ""redundancy_param"": 1.0, ""sample_weight_decay"": null, ""seed"": 42, ""target_block_set"": null}"
block1,elastic_net_without_target_700,379,378,"{""alpha"": 1.0, ""corr_spec"": {""lam"": null, ""mode"": ""expanding""}, ""dr_method"": ""pls"", ""global_id"": 378, ""k1_topk"": 700, ""lag_candidates"": [0, 1, 2, 3, 4, 5, 6], ""lambda"": 0.0001, ""pls_components"": 30, ""redundancy_param"": 1.0, ""sample_weight_decay"": null, ""seed"": 42, ""target_block_set"": null}"
block1,elastic_net_without_target_700,380,379,"{""alpha"": 1.0, ""corr_spec"": {""lam"": null, ""mode"": ""expanding""}, ""dr_method"": ""pls"", ""global_id"": 379, ""k1_topk"": 700, ""lag_candidates"": [0, 1, 2, 3, 4, 5, 6], ""lambda"": 0.001, ""pls_components"": 30, ""redundancy_param"": 1.0, ""sample_weight_decay"": null, ""seed"": 42, ""target_block_set"": null}"
block1,elastic_net_without_target_700,381,380,"{""alpha"": 1.0, ""corr_spec"": {""lam"": null, ""mode"": ""expanding""}, ""dr_method"": ""pls"", ""global_id"": 380, ""k1_topk"": 700, ""lag_candidates"": [0, 1, 2, 3, 4, 5, 6], ""lambda"": 0.01, ""pls_components"": 30, ""redundancy_param"": 1.0, ""sample_weight_decay"": null, ""seed"": 42, ""target_block_set"": null}"
block1,elastic_net_without_target_700,382,381,"{""alpha"": 1.0, ""corr_spec"": {""lam"": null, ""mode"": ""expanding""}, ""dr_method"": ""pls"", ""global_id"": 381, ""k1_topk"": 700, ""lag_candidates"": [0, 1, 2, 3, 4, 5, 6], ""lambda"": 0.1, ""pls_components"": 30, ""redundancy_param"": 1.0, ""sample_weight_decay"": null, ""seed"": 42, ""target_block_set"": null}"
block1,elastic_net_without_target_700,383,382,"{""alpha"": 1.0, ""corr_spec"": {""lam"": null, ""mode"": ""expanding""}, ""dr_method"": ""pls"", ""global_id"": 382, ""k1_topk"": 700, ""lag_candidates"": [0, 1, 2, 3, 4, 5, 6], ""lambda"": 1.0, ""pls_components"": 30, ""redundancy_param"": 1.0, ""sample_weight_decay"": null, ""seed"": 42, ""target_block_set"": null}"
block1,elastic_net_without_target_700,384,383,"{""alpha"": 1.0, ""corr_spec"": {""lam"": null, ""mode"": ""expanding""}, ""dr_method"": ""pls"", ""global_id"": 383, ""k1_topk"": 700, ""lag_candidates"": [0, 1, 2, 3, 4, 5, 6], ""lambda"": 10.0, ""pls_components"": 30, ""redundancy_param"": 1.0, ""sample_weight_decay"": null, ""seed"": 42, ""target_block_set"": null}"
block1,elastic_net_without_target_700,385,384,"{""alpha"": 1.0, ""corr_spec"": {""lam"": null, ""mode"": ""expanding""}, ""dr_method"": ""pls"", ""global_id"": 384, ""k1_topk"": 700, ""lag_candidates"": [0, 1, 2, 3, 4, 5, 6], ""lambda"": 100.0, ""pls_components"": 30, ""redundancy_param"": 1.0, ""sample_weight_decay"": null, ""seed"": 42, ""target_block_set"": null}"
block1,elastic_net_without_target_700,386,385,"{""alpha"": 0.0, ""corr_spec"": {""lam"": null, ""mode"": ""expanding""}, ""dr_method"": ""pls"", ""global_id"": 385, ""k1_topk"": 700, ""lag_candidates"": [0, 1, 2, 3, 4, 5, 6], ""lambda"": 0.0001, ""pls_components"": 30, ""redundancy_param"": 1.0, ""sample_weight_decay"": 0.99, ""seed"": 42, ""target_block_set"": null}"
block1,elastic_net_without_target_700,387,386,"{""alpha"": 0.0, ""corr_spec"": {""lam"": null, ""mode"": ""expanding""}, ""dr_method"": ""pls"", ""global_id"": 386, ""k1_topk"": 700, ""lag_candidates"": [0, 1, 2, 3, 4, 5, 6], ""lambda"": 0.001, ""pls_components"": 30, ""redundancy_param"": 1.0, ""sample_weight_decay"": 0.99, ""seed"": 42, ""target_block_set"": null}"
block1,elastic_net_without_target_700,388,387,"{""alpha"": 0.0, ""corr_spec"": {""lam"": null, ""mode"": ""expanding""}, ""dr_method"": ""pls"", ""global_id"": 387, ""k1_topk"": 700, ""lag_candidates"": [0, 1, 2, 3, 4, 5, 6], ""lambda"": 0.01, ""pls_components"": 30, ""redundancy_param"": 1.0, ""sample_weight_decay"": 0.99, ""seed"": 42, ""target_block_set"": null}"
block1,elastic_net_without_target_700,389,388,"{""alpha"": 0.0, ""corr_spec"": {""lam"": null, ""mode"": ""expanding""}, ""dr_method"": ""pls"", ""global_id"": 388, ""k1_topk"": 700, ""lag_candidates"": [0, 1, 2, 3, 4, 5, 6], ""lambda"": 0.1, ""pls_components"": 30, ""redundancy_param"": 1.0, ""sample_weight_decay"": 0.99, ""seed"": 42, ""target_block_set"": null}"
block1,elastic_net_without_target_700,390,389,"{""alpha"": 0.0, ""corr_spec"": {""lam"": null, ""mode"": ""expanding""}, ""dr_method"": ""pls"", ""global_id"": 389, ""k1_topk"": 700, ""lag_candidates"": [0, 1, 2, 3, 4, 5, 6], ""lambda"": 1.0, ""pls_components"": 30, ""redundancy_param"": 1.0, ""sample_weight_decay"": 0.99, ""seed"": 42, ""target_block_set"": null}"
block1,elastic_net_without_target_700,391,390,"{""alpha"": 0.0, ""corr_spec"": {""lam"": null, ""mode"": ""expanding""}, ""dr_method"": ""pls"", ""global_id"": 390, ""k1_topk"": 700, ""lag_candidates"": [0, 1, 2, 3, 4, 5, 6], ""lambda"": 10.0, ""pls_components"": 30, ""redundancy_param"": 1.0, ""sample_weight_decay"": 0.99, ""seed"": 42, ""target_block_set"": null}"
block1,elastic_net_without_target_700,392,391,"{""alpha"": 0.0, ""corr_spec"": {""lam"": null, ""mode"": ""expanding""}, ""dr_method"": ""pls"", ""global_id"": 391, ""k1_topk"": 700, ""lag_candidates"": [0, 1, 2, 3, 4, 5, 6], ""lambda"": 100.0, ""pls_components"": 30, ""redundancy_param"": 1.0, ""sample_weight_decay"": 0.99, ""seed"": 42, ""target_block_set"": null}"
block1,elastic_net_without_target_700,393,392,"{""alpha"": 0.25, ""corr_spec"": {""lam"": null, ""mode"": ""expanding""}, ""dr_method"": ""pls"", ""global_id"": 392, ""k1_topk"": 700, ""lag_candidates"": [0, 1, 2, 3, 4, 5, 6], ""lambda"": 0.0001, ""pls_components"": 30, ""redundancy_param"": 1.0, ""sample_weight_decay"": 0.99, ""seed"": 42, ""target_block_set"": null}"
block1,elastic_net_without_target_700,394,393,"{""alpha"": 0.25, ""corr_spec"": {""lam"": null, ""mode"": ""expanding""}, ""dr_method"": ""pls"", ""global_id"": 393, ""k1_topk"": 700, ""lag_candidates"": [0, 1, 2, 3, 4, 5, 6], ""lambda"": 0.001, ""pls_components"": 30, ""redundancy_param"": 1.0, ""sample_weight_decay"": 0.99, ""seed"": 42, ""target_block_set"": null}"
block1,elastic_net_without_target_700,395,394,"{""alpha"": 0.25, ""corr_spec"": {""lam"": null, ""mode"": ""expanding""}, ""dr_method"": ""pls"", ""global_id"": 394, ""k1_topk"": 700, ""lag_candidates"": [0, 1, 2, 3, 4, 5, 6], ""lambda"": 0.01, ""pls_components"": 30, ""redundancy_param"": 1.0, ""sample_weight_decay"": 0.99, ""seed"": 42, ""target_block_set"": null}"
block1,elastic_net_without_target_700,396,395,"{""alpha"": 0.25, ""corr_spec"": {""lam"": null, ""mode"": ""expanding""}, ""dr_method"": ""pls"", ""global_id"": 395, ""k1_topk"": 700, ""lag_candidates"": [0, 1, 2, 3, 4, 5, 6], ""lambda"": 0.1, ""pls_components"": 30, ""redundancy_param"": 1.0, ""sample_weight_decay"": 0.99, ""seed"": 42, ""target_block_set"": null}"
block1,elastic_net_without_target_700,397,396,"{""alpha"": 0.25, ""corr_spec"": {""lam"": null, ""mode"": ""expanding""}, ""dr_method"": ""pls"", ""global_id"": 396, ""k1_topk"": 700, ""lag_candidates"": [0, 1, 2, 3, 4, 5, 6], ""lambda"": 1.0, ""pls_components"": 30, ""redundancy_param"": 1.0, ""sample_weight_decay"": 0.99, ""seed"": 42, ""target_block_set"": null}"
block1,elastic_net_without_target_700,398,397,"{""alpha"": 0.25, ""corr_spec"": {""lam"": null, ""mode"": ""expanding""}, ""dr_method"": ""pls"", ""global_id"": 397, ""k1_topk"": 700, ""lag_candidates"": [0, 1, 2, 3, 4, 5, 6], ""lambda"": 10.0, ""pls_components"": 30, ""redundancy_param"": 1.0, ""sample_weight_decay"": 0.99, ""seed"": 42, ""target_block_set"": null}"
block1,elastic_net_without_target_700,399,398,"{""alpha"": 0.25, ""corr_spec"": {""lam"": null, ""mode"": ""expanding""}, ""dr_method"": ""pls"", ""global_id"": 398, ""k1_topk"": 700, ""lag_candidates"": [0, 1, 2, 3, 4, 5, 6], ""lambda"": 100.0, ""pls_components"": 30, ""redundancy_param"": 1.0, ""sample_weight_decay"": 0.99, ""seed"": 42, ""target_block_set"": null}"
block1,elastic_net_without_target_700,400,399,"{""alpha"": 0.5, ""corr_spec"": {""lam"": null, ""mode"": ""expanding""}, ""dr_method"": ""pls"", ""global_id"": 399, ""k1_topk"": 700, ""lag_candidates"": [0, 1, 2, 3, 4, 5, 6], ""lambda"": 0.0001, ""pls_components"": 30, ""redundancy_param"": 1.0, ""sample_weight_decay"": 0.99, ""seed"": 42, ""target_block_set"": null}"
block1,elastic_net_without_target_700,401,400,"{""alpha"": 0.5, ""corr_spec"": {""lam"": null, ""mode"": ""expanding""}, ""dr_method"": ""pls"", ""global_id"": 400, ""k1_topk"": 700, ""lag_candidates"": [0, 1, 2, 3, 4, 5, 6], ""lambda"": 0.001, ""pls_components"": 30, ""redundancy_param"": 1.0, ""sample_weight_decay"": 0.99, ""seed"": 42, ""target_block_set"": null}"
block1,elastic_net_without_target_700,402,401,"{""alpha"": 0.5, ""corr_spec"": {""lam"": null, ""mode"": ""expanding""}, ""dr_method"": ""pls"", ""global_id"": 401, ""k1_topk"": 700, ""lag_candidates"": [0, 1, 2, 3, 4, 5, 6], ""lambda"": 0.01, ""pls_components"": 30, ""redundancy_param"": 1.0, ""sample_weight_decay"": 0.99, ""seed"": 42, ""target_block_set"": null}"
block1,elastic_net_without_target_700,403,402,"{""alpha"": 0.5, ""corr_spec"": {""lam"": null, ""mode"": ""expanding""}, ""dr_method"": ""pls"", ""global_id"": 402, ""k1_topk"": 700, ""lag_candidates"": [0, 1, 2, 3, 4, 5, 6], ""lambda"": 0.1, ""pls_components"": 30, ""redundancy_param"": 1.0, ""sample_weight_decay"": 0.99, ""seed"": 42, ""target_block_set"": null}"
block1,elastic_net_without_target_700,404,403,"{""alpha"": 0.5, ""corr_spec"": {""lam"": null, ""mode"": ""expanding""}, ""dr_method"": ""pls"", ""global_id"": 403, ""k1_topk"": 700, ""lag_candidates"": [0, 1, 2, 3, 4, 5, 6], ""lambda"": 1.0, ""pls_components"": 30, ""redundancy_param"": 1.0, ""sample_weight_decay"": 0.99, ""seed"": 42, ""target_block_set"": null}"
block1,elastic_net_without_target_700,405,404,"{""alpha"": 0.5, ""corr_spec"": {""lam"": null, ""mode"": ""expanding""}, ""dr_method"": ""pls"", ""global_id"": 404, ""k1_topk"": 700, ""lag_candidates"": [0, 1, 2, 3, 4, 5, 6], ""lambda"": 10.0, ""pls_components"": 30, ""redundancy_param"": 1.0, ""sample_weight_decay"": 0.99, ""seed"": 42, ""target_block_set"": null}"
block1,elastic_net_without_target_700,406,405,"{""alpha"": 0.5, ""corr_spec"": {""lam"": null, ""mode"": ""expanding""}, ""dr_method"": ""pls"", ""global_id"": 405, ""k1_topk"": 700, ""lag_candidates"": [0, 1, 2, 3, 4, 5, 6], ""lambda"": 100.0, ""pls_components"": 30, ""redundancy_param"": 1.0, ""sample_weight_decay"": 0.99, ""seed"": 42, ""target_block_set"": null}"
block1,elastic_net_without_target_700,407,406,"{""alpha"": 0.75, ""corr_spec"": {""lam"": null, ""mode"": ""expanding""}, ""dr_method"": ""pls"", ""global_id"": 406, ""k1_topk"": 700, ""lag_candidates"": [0, 1, 2, 3, 4, 5, 6], ""lambda"": 0.0001, ""pls_components"": 30, ""redundancy_param"": 1.0, ""sample_weight_decay"": 0.99, ""seed"": 42, ""target_block_set"": null}"
block1,elastic_net_without_target_700,408,407,"{""alpha"": 0.75, ""corr_spec"": {""lam"": null, ""mode"": ""expanding""}, ""dr_method"": ""pls"", ""global_id"": 407, ""k1_topk"": 700, ""lag_candidates"": [0, 1, 2, 3, 4, 5, 6], ""lambda"": 0.001, ""pls_components"": 30, ""redundancy_param"": 1.0, ""sample_weight_decay"": 0.99, ""seed"": 42, ""target_block_set"": null}"
block1,elastic_net_without_target_700,409,408,"{""alpha"": 0.75, ""corr_spec"": {""lam"": null, ""mode"": ""expanding""}, ""dr_method"": ""pls"", ""global_id"": 408, ""k1_topk"": 700, ""lag_candidates"": [0, 1, 2, 3, 4, 5, 6], ""lambda"": 0.01, ""pls_components"": 30, ""redundancy_param"": 1.0, ""sample_weight_decay"": 0.99, ""seed"": 42, ""target_block_set"": null}"
block1,elastic_net_without_target_700,410,409,"{""alpha"": 0.75, ""corr_spec"": {""lam"": null, ""mode"": ""expanding""}, ""dr_method"": ""pls"", ""global_id"": 409, ""k1_topk"": 700, ""lag_candidates"": [0, 1, 2, 3, 4, 5, 6], ""lambda"": 0.1, ""pls_components"": 30, ""redundancy_param"": 1.0, ""sample_weight_decay"": 0.99, ""seed"": 42, ""target_block_set"": null}"
block1,elastic_net_without_target_700,411,410,"{""alpha"": 0.75, ""corr_spec"": {""lam"": null, ""mode"": ""expanding""}, ""dr_method"": ""pls"", ""global_id"": 410, ""k1_topk"": 700, ""lag_candidates"": [0, 1, 2, 3, 4, 5, 6], ""lambda"": 1.0, ""pls_components"": 30, ""redundancy_param"": 1.0, ""sample_weight_decay"": 0.99, ""seed"": 42, ""target_block_set"": null}"
block1,elastic_net_without_target_700,412,411,"{""alpha"": 0.75, ""corr_spec"": {""lam"": null, ""mode"": ""expanding""}, ""dr_method"": ""pls"", ""global_id"": 411, ""k1_topk"": 700, ""lag_candidates"": [0, 1, 2, 3, 4, 5, 6], ""lambda"": 10.0, ""pls_components"": 30, ""redundancy_param"": 1.0, ""sample_weight_decay"": 0.99, ""seed"": 42, ""target_block_set"": null}"
block1,elastic_net_without_target_700,413,412,"{""alpha"": 0.75, ""corr_spec"": {""lam"": null, ""mode"": ""expanding""}, ""dr_method"": ""pls"", ""global_id"": 412, ""k1_topk"": 700, ""lag_candidates"": [0, 1, 2, 3, 4, 5, 6], ""lambda"": 100.0, ""pls_components"": 30, ""redundancy_param"": 1.0, ""sample_weight_decay"": 0.99, ""seed"": 42, ""target_block_set"": null}"
block1,elastic_net_without_target_700,414,413,"{""alpha"": 1.0, ""corr_spec"": {""lam"": null, ""mode"": ""expanding""}, ""dr_method"": ""pls"", ""global_id"": 413, ""k1_topk"": 700, ""lag_candidates"": [0, 1, 2, 3, 4, 5, 6], ""lambda"": 0.0001, ""pls_components"": 30, ""redundancy_param"": 1.0, ""sample_weight_decay"": 0.99, ""seed"": 42, ""target_block_set"": null}"
block1,elastic_net_without_target_700,415,414,"{""alpha"": 1.0, ""corr_spec"": {""lam"": null, ""mode"": ""expanding""}, ""dr_method"": ""pls"", ""global_id"": 414, ""k1_topk"": 700, ""lag_candidates"": [0, 1, 2, 3, 4, 5, 6], ""lambda"": 0.001, ""pls_components"": 30, ""redundancy_param"": 1.0, ""sample_weight_decay"": 0.99, ""seed"": 42, ""target_block_set"": null}"
block1,elastic_net_without_target_700,416,415,"{""alpha"": 1.0, ""corr_spec"": {""lam"": null, ""mode"": ""expanding""}, ""dr_method"": ""pls"", ""global_id"": 415, ""k1_topk"": 700, ""lag_candidates"": [0, 1, 2, 3, 4, 5, 6], ""lambda"": 0.01, ""pls_components"": 30, ""redundancy_param"": 1.0, ""sample_weight_decay"": 0.99, ""seed"": 42, ""target_block_set"": null}"
block1,elastic_net_without_target_700,417,416,"{""alpha"": 1.0, ""corr_spec"": {""lam"": null, ""mode"": ""expanding""}, ""dr_method"": ""pls"", ""global_id"": 416, ""k1_topk"": 700, ""lag_candidates"": [0, 1, 2, 3, 4, 5, 6], ""lambda"": 0.1, ""pls_components"": 30, ""redundancy_param"": 1.0, ""sample_weight_decay"": 0.99, ""seed"": 42, ""target_block_set"": null}"
block1,elastic_net_without_target_700,418,417,"{""alpha"": 1.0, ""corr_spec"": {""lam"": null, ""mode"": ""expanding""}, ""dr_method"": ""pls"", ""global_id"": 417, ""k1_topk"": 700, ""lag_candidates"": [0, 1, 2, 3, 4, 5, 6], ""lambda"": 1.0, ""pls_components"": 30, ""redundancy_param"": 1.0, ""sample_weight_decay"": 0.99, ""seed"": 42, ""target_block_set"": null}"
block1,elastic_net_without_target_700,419,418,"{""alpha"": 1.0, ""corr_spec"": {""lam"": null, ""mode"": ""expanding""}, ""dr_method"": ""pls"", ""global_id"": 418, ""k1_topk"": 700, ""lag_candidates"": [0, 1, 2, 3, 4, 5, 6], ""lambda"": 10.0, ""pls_components"": 30, ""redundancy_param"": 1.0, ""sample_weight_decay"": 0.99, ""seed"": 42, ""target_block_set"": null}"
block1,elastic_net_without_target_700,420,419,"{""alpha"": 1.0, ""corr_spec"": {""lam"": null, ""mode"": ""expanding""}, ""dr_method"": ""pls"", ""global_id"": 419, ""k1_topk"": 700, ""lag_candidates"": [0, 1, 2, 3, 4, 5, 6], ""lambda"": 100.0, ""pls_components"": 30, ""redundancy_param"": 1.0, ""sample_weight_decay"": 0.99, ""seed"": 42, ""target_block_set"": null}"
block1,elastic_net_without_target_700,421,420,"{""alpha"": 0.0, ""corr_spec"": {""lam"": 0.98, ""mode"": ""ewma""}, ""dr_method"": ""none"", ""global_id"": 420, ""k1_topk"": 700, ""lag_candidates"": [0, 1, 2, 3, 4, 5, 6], ""lambda"": 0.0001, ""redundancy_param"": 0.9, ""sample_weight_decay"": null, ""seed"": 42, ""target_block_set"": null}"
block1,elastic_net_without_target_700,422,421,"{""alpha"": 0.0, ""corr_spec"": {""lam"": 0.98, ""mode"": ""ewma""}, ""dr_method"": ""none"", ""global_id"": 421, ""k1_topk"": 700, ""lag_candidates"": [0, 1, 2, 3, 4, 5, 6], ""lambda"": 0.001, ""redundancy_param"": 0.9, ""sample_weight_decay"": null, ""seed"": 42, ""target_block_set"": null}"
block1,elastic_net_without_target_700,423,422,"{""alpha"": 0.0, ""corr_spec"": {""lam"": 0.98, ""mode"": ""ewma""}, ""dr_method"": ""none"", ""global_id"": 422, ""k1_topk"": 700, ""lag_candidates"": [0, 1, 2, 3, 4, 5, 6], ""lambda"": 0.01, ""redundancy_param"": 0.9, ""sample_weight_decay"": null, ""seed"": 42, ""target_block_set"": null}"
block1,elastic_net_without_target_700,424,423,"{""alpha"": 0.0, ""corr_spec"": {""lam"": 0.98, ""mode"": ""ewma""}, ""dr_method"": ""none"", ""global_id"": 423, ""k1_topk"": 700, ""lag_candidates"": [0, 1, 2, 3, 4, 5, 6], ""lambda"": 0.1, ""redundancy_param"": 0.9, ""sample_weight_decay"": null, ""seed"": 42, ""target_block_set"": null}"
block1,elastic_net_without_target_700,425,424,"{""alpha"": 0.0, ""corr_spec"": {""lam"": 0.98, ""mode"": ""ewma""}, ""dr_method"": ""none"", ""global_id"": 424, ""k1_topk"": 700, ""lag_candidates"": [0, 1, 2, 3, 4, 5, 6], ""lambda"": 1.0, ""redundancy_param"": 0.9, ""sample_weight_decay"": null, ""seed"": 42, ""target_block_set"": null}"
block1,elastic_net_without_target_700,426,425,"{""alpha"": 0.0, ""corr_spec"": {""lam"": 0.98, ""mode"": ""ewma""}, ""dr_method"": ""none"", ""global_id"": 425, ""k1_topk"": 700, ""lag_candidates"": [0, 1, 2, 3, 4, 5, 6], ""lambda"": 10.0, ""redundancy_param"": 0.9, ""sample_weight_decay"": null, ""seed"": 42, ""target_block_set"": null}"
block1,elastic_net_without_target_700,427,426,"{""alpha"": 0.0, ""corr_spec"": {""lam"": 0.98, ""mode"": ""ewma""}, ""dr_method"": ""none"", ""global_id"": 426, ""k1_topk"": 700, ""lag_candidates"": [0, 1, 2, 3, 4, 5, 6], ""lambda"": 100.0, ""redundancy_param"": 0.9, ""sample_weight_decay"": null, ""seed"": 42, ""target_block_set"": null}"
block1,elastic_net_without_target_700,428,427,"{""alpha"": 0.25, ""corr_spec"": {""lam"": 0.98, ""mode"": ""ewma""}, ""dr_method"": ""none"", ""global_id"": 427, ""k1_topk"": 700, ""lag_candidates"": [0, 1, 2, 3, 4, 5, 6], ""lambda"": 0.0001, ""redundancy_param"": 0.9, ""sample_weight_decay"": null, ""seed"": 42, ""target_block_set"": null}"
block1,elastic_net_without_target_700,429,428,"{""alpha"": 0.25, ""corr_spec"": {""lam"": 0.98, ""mode"": ""ewma""}, ""dr_method"": ""none"", ""global_id"": 428, ""k1_topk"": 700, ""lag_candidates"": [0, 1, 2, 3, 4, 5, 6], ""lambda"": 0.001, ""redundancy_param"": 0.9, ""sample_weight_decay"": null, ""seed"": 42, ""target_block_set"": null}"
block1,elastic_net_without_target_700,430,429,"{""alpha"": 0.25, ""corr_spec"": {""lam"": 0.98, ""mode"": ""ewma""}, ""dr_method"": ""none"", ""global_id"": 429, ""k1_topk"": 700, ""lag_candidates"": [0, 1, 2, 3, 4, 5, 6], ""lambda"": 0.01, ""redundancy_param"": 0.9, ""sample_weight_decay"": null, ""seed"": 42, ""target_block_set"": null}"
block1,elastic_net_without_target_700,431,430,"{""alpha"": 0.25, ""corr_spec"": {""lam"": 0.98, ""mode"": ""ewma""}, ""dr_method"": ""none"", ""global_id"": 430, ""k1_topk"": 700, ""lag_candidates"": [0, 1, 2, 3, 4, 5, 6], ""lambda"": 0.1, ""redundancy_param"": 0.9, ""sample_weight_decay"": null, ""seed"": 42, ""target_block_set"": null}"
block1,elastic_net_without_target_700,432,431,"{""alpha"": 0.25, ""corr_spec"": {""lam"": 0.98, ""mode"": ""ewma""}, ""dr_method"": ""none"", ""global_id"": 431, ""k1_topk"": 700, ""lag_candidates"": [0, 1, 2, 3, 4, 5, 6], ""lambda"": 1.0, ""redundancy_param"": 0.9, ""sample_weight_decay"": null, ""seed"": 42, ""target_block_set"": null}"
block1,elastic_net_without_target_700,433,432,"{""alpha"": 0.25, ""corr_spec"": {""lam"": 0.98, ""mode"": ""ewma""}, ""dr_method"": ""none"", ""global_id"": 432, ""k1_topk"": 700, ""lag_candidates"": [0, 1, 2, 3, 4, 5, 6], ""lambda"": 10.0, ""redundancy_param"": 0.9, ""sample_weight_decay"": null, ""seed"": 42, ""target_block_set"": null}"
block1,elastic_net_without_target_700,434,433,"{""alpha"": 0.25, ""corr_spec"": {""lam"": 0.98, ""mode"": ""ewma""}, ""dr_method"": ""none"", ""global_id"": 433, ""k1_topk"": 700, ""lag_candidates"": [0, 1, 2, 3, 4, 5, 6], ""lambda"": 100.0, ""redundancy_param"": 0.9, ""sample_weight_decay"": null, ""seed"": 42, ""target_block_set"": null}"
block1,elastic_net_without_target_700,435,434,"{""alpha"": 0.5, ""corr_spec"": {""lam"": 0.98, ""mode"": ""ewma""}, ""dr_method"": ""none"", ""global_id"": 434, ""k1_topk"": 700, ""lag_candidates"": [0, 1, 2, 3, 4, 5, 6], ""lambda"": 0.0001, ""redundancy_param"": 0.9, ""sample_weight_decay"": null, ""seed"": 42, ""target_block_set"": null}"
block1,elastic_net_without_target_700,436,435,"{""alpha"": 0.5, ""corr_spec"": {""lam"": 0.98, ""mode"": ""ewma""}, ""dr_method"": ""none"", ""global_id"": 435, ""k1_topk"": 700, ""lag_candidates"": [0, 1, 2, 3, 4, 5, 6], ""lambda"": 0.001, ""redundancy_param"": 0.9, ""sample_weight_decay"": null, ""seed"": 42, ""target_block_set"": null}"
block1,elastic_net_without_target_700,437,436,"{""alpha"": 0.5, ""corr_spec"": {""lam"": 0.98, ""mode"": ""ewma""}, ""dr_method"": ""none"", ""global_id"": 436, ""k1_topk"": 700, ""lag_candidates"": [0, 1, 2, 3, 4, 5, 6], ""lambda"": 0.01, ""redundancy_param"": 0.9, ""sample_weight_decay"": null, ""seed"": 42, ""target_block_set"": null}"
block1,elastic_net_without_target_700,438,437,"{""alpha"": 0.5, ""corr_spec"": {""lam"": 0.98, ""mode"": ""ewma""}, ""dr_method"": ""none"", ""global_id"": 437, ""k1_topk"": 700, ""lag_candidates"": [0, 1, 2, 3, 4, 5, 6], ""lambda"": 0.1, ""redundancy_param"": 0.9, ""sample_weight_decay"": null, ""seed"": 42, ""target_block_set"": null}"
block1,elastic_net_without_target_700,439,438,"{""alpha"": 0.5, ""corr_spec"": {""lam"": 0.98, ""mode"": ""ewma""}, ""dr_method"": ""none"", ""global_id"": 438, ""k1_topk"": 700, ""lag_candidates"": [0, 1, 2, 3, 4, 5, 6], ""lambda"": 1.0, ""redundancy_param"": 0.9, ""sample_weight_decay"": null, ""seed"": 42, ""target_block_set"": null}"
block1,elastic_net_without_target_700,440,439,"{""alpha"": 0.5, ""corr_spec"": {""lam"": 0.98, ""mode"": ""ewma""}, ""dr_method"": ""none"", ""global_id"": 439, ""k1_topk"": 700, ""lag_candidates"": [0, 1, 2, 3, 4, 5, 6], ""lambda"": 10.0, ""redundancy_param"": 0.9, ""sample_weight_decay"": null, ""seed"": 42, ""target_block_set"": null}"
block1,elastic_net_without_target_700,441,440,"{""alpha"": 0.5, ""corr_spec"": {""lam"": 0.98, ""mode"": ""ewma""}, ""dr_method"": ""none"", ""global_id"": 440, ""k1_topk"": 700, ""lag_candidates"": [0, 1, 2, 3, 4, 5, 6], ""lambda"": 100.0, ""redundancy_param"": 0.9, ""sample_weight_decay"": null, ""seed"": 42, ""target_block_set"": null}"
block1,elastic_net_without_target_700,442,441,"{""alpha"": 0.75, ""corr_spec"": {""lam"": 0.98, ""mode"": ""ewma""}, ""dr_method"": ""none"", ""global_id"": 441, ""k1_topk"": 700, ""lag_candidates"": [0, 1, 2, 3, 4, 5, 6], ""lambda"": 0.0001, ""redundancy_param"": 0.9, ""sample_weight_decay"": null, ""seed"": 42, ""target_block_set"": null}"
block1,elastic_net_without_target_700,443,442,"{""alpha"": 0.75, ""corr_spec"": {""lam"": 0.98, ""mode"": ""ewma""}, ""dr_method"": ""none"", ""global_id"": 442, ""k1_topk"": 700, ""lag_candidates"": [0, 1, 2, 3, 4, 5, 6], ""lambda"": 0.001, ""redundancy_param"": 0.9, ""sample_weight_decay"": null, ""seed"": 42, ""target_block_set"": null}"
block1,elastic_net_without_target_700,444,443,"{""alpha"": 0.75, ""corr_spec"": {""lam"": 0.98, ""mode"": ""ewma""}, ""dr_method"": ""none"", ""global_id"": 443, ""k1_topk"": 700, ""lag_candidates"": [0, 1, 2, 3, 4, 5, 6], ""lambda"": 0.01, ""redundancy_param"": 0.9, ""sample_weight_decay"": null, ""seed"": 42, ""target_block_set"": null}"
block1,elastic_net_without_target_700,445,444,"{""alpha"": 0.75, ""corr_spec"": {""lam"": 0.98, ""mode"": ""ewma""}, ""dr_method"": ""none"", ""global_id"": 444, ""k1_topk"": 700, ""lag_candidates"": [0, 1, 2, 3, 4, 5, 6], ""lambda"": 0.1, ""redundancy_param"": 0.9, ""sample_weight_decay"": null, ""seed"": 42, ""target_block_set"": null}"
block1,elastic_net_without_target_700,446,445,"{""alpha"": 0.75, ""corr_spec"": {""lam"": 0.98, ""mode"": ""ewma""}, ""dr_method"": ""none"", ""global_id"": 445, ""k1_topk"": 700, ""lag_candidates"": [0, 1, 2, 3, 4, 5, 6], ""lambda"": 1.0, ""redundancy_param"": 0.9, ""sample_weight_decay"": null, ""seed"": 42, ""target_block_set"": null}"
block1,elastic_net_without_target_700,447,446,"{""alpha"": 0.75, ""corr_spec"": {""lam"": 0.98, ""mode"": ""ewma""}, ""dr_method"": ""none"", ""global_id"": 446, ""k1_topk"": 700, ""lag_candidates"": [0, 1, 2, 3, 4, 5, 6], ""lambda"": 10.0, ""redundancy_param"": 0.9, ""sample_weight_decay"": null, ""seed"": 42, ""target_block_set"": null}"
block1,elastic_net_without_target_700,448,447,"{""alpha"": 0.75, ""corr_spec"": {""lam"": 0.98, ""mode"": ""ewma""}, ""dr_method"": ""none"", ""global_id"": 447, ""k1_topk"": 700, ""lag_candidates"": [0, 1, 2, 3, 4, 5, 6], ""lambda"": 100.0, ""redundancy_param"": 0.9, ""sample_weight_decay"": null, ""seed"": 42, ""target_block_set"": null}"
block1,elastic_net_without_target_700,449,448,"{""alpha"": 1.0, ""corr_spec"": {""lam"": 0.98, ""mode"": ""ewma""}, ""dr_method"": ""none"", ""global_id"": 448, ""k1_topk"": 700, ""lag_candidates"": [0, 1, 2, 3, 4, 5, 6], ""lambda"": 0.0001, ""redundancy_param"": 0.9, ""sample_weight_decay"": null, ""seed"": 42, ""target_block_set"": null}"
block1,elastic_net_without_target_700,450,449,"{""alpha"": 1.0, ""corr_spec"": {""lam"": 0.98, ""mode"": ""ewma""}, ""dr_method"": ""none"", ""global_id"": 449, ""k1_topk"": 700, ""lag_candidates"": [0, 1, 2, 3, 4, 5, 6], ""lambda"": 0.001, ""redundancy_param"": 0.9, ""sample_weight_decay"": null, ""seed"": 42, ""target_block_set"": null}"
block1,elastic_net_without_target_700,451,450,"{""alpha"": 1.0, ""corr_spec"": {""lam"": 0.98, ""mode"": ""ewma""}, ""dr_method"": ""none"", ""global_id"": 450, ""k1_topk"": 700, ""lag_candidates"": [0, 1, 2, 3, 4, 5, 6], ""lambda"": 0.01, ""redundancy_param"": 0.9, ""sample_weight_decay"": null, ""seed"": 42, ""target_block_set"": null}"
block1,elastic_net_without_target_700,452,451,"{""alpha"": 1.0, ""corr_spec"": {""lam"": 0.98, ""mode"": ""ewma""}, ""dr_method"": ""none"", ""global_id"": 451, ""k1_topk"": 700, ""lag_candidates"": [0, 1, 2, 3, 4, 5, 6], ""lambda"": 0.1, ""redundancy_param"": 0.9, ""sample_weight_decay"": null, ""seed"": 42, ""target_block_set"": null}"
block1,elastic_net_without_target_700,453,452,"{""alpha"": 1.0, ""corr_spec"": {""lam"": 0.98, ""mode"": ""ewma""}, ""dr_method"": ""none"", ""global_id"": 452, ""k1_topk"": 700, ""lag_candidates"": [0, 1, 2, 3, 4, 5, 6], ""lambda"": 1.0, ""redundancy_param"": 0.9, ""sample_weight_decay"": null, ""seed"": 42, ""target_block_set"": null}"
block1,elastic_net_without_target_700,454,453,"{""alpha"": 1.0, ""corr_spec"": {""lam"": 0.98, ""mode"": ""ewma""}, ""dr_method"": ""none"", ""global_id"": 453, ""k1_topk"": 700, ""lag_candidates"": [0, 1, 2, 3, 4, 5, 6], ""lambda"": 10.0, ""redundancy_param"": 0.9, ""sample_weight_decay"": null, ""seed"": 42, ""target_block_set"": null}"
block1,elastic_net_without_target_700,455,454,"{""alpha"": 1.0, ""corr_spec"": {""lam"": 0.98, ""mode"": ""ewma""}, ""dr_method"": ""none"", ""global_id"": 454, ""k1_topk"": 700, ""lag_candidates"": [0, 1, 2, 3, 4, 5, 6], ""lambda"": 100.0, ""redundancy_param"": 0.9, ""sample_weight_decay"": null, ""seed"": 42, ""target_block_set"": null}"
block1,elastic_net_without_target_700,456,455,"{""alpha"": 0.0, ""corr_spec"": {""lam"": 0.98, ""mode"": ""ewma""}, ""dr_method"": ""none"", ""global_id"": 455, ""k1_topk"": 700, ""lag_candidates"": [0, 1, 2, 3, 4, 5, 6], ""lambda"": 0.0001, ""redundancy_param"": 0.9, ""sample_weight_decay"": 0.99, ""seed"": 42, ""target_block_set"": null}"
block1,elastic_net_without_target_700,457,456,"{""alpha"": 0.0, ""corr_spec"": {""lam"": 0.98, ""mode"": ""ewma""}, ""dr_method"": ""none"", ""global_id"": 456, ""k1_topk"": 700, ""lag_candidates"": [0, 1, 2, 3, 4, 5, 6], ""lambda"": 0.001, ""redundancy_param"": 0.9, ""sample_weight_decay"": 0.99, ""seed"": 42, ""target_block_set"": null}"
block1,elastic_net_without_target_700,458,457,"{""alpha"": 0.0, ""corr_spec"": {""lam"": 0.98, ""mode"": ""ewma""}, ""dr_method"": ""none"", ""global_id"": 457, ""k1_topk"": 700, ""lag_candidates"": [0, 1, 2, 3, 4, 5, 6], ""lambda"": 0.01, ""redundancy_param"": 0.9, ""sample_weight_decay"": 0.99, ""seed"": 42, ""target_block_set"": null}"
block1,elastic_net_without_target_700,459,458,"{""alpha"": 0.0, ""corr_spec"": {""lam"": 0.98, ""mode"": ""ewma""}, ""dr_method"": ""none"", ""global_id"": 458, ""k1_topk"": 700, ""lag_candidates"": [0, 1, 2, 3, 4, 5, 6], ""lambda"": 0.1, ""redundancy_param"": 0.9, ""sample_weight_decay"": 0.99, ""seed"": 42, ""target_block_set"": null}"
block1,elastic_net_without_target_700,460,459,"{""alpha"": 0.0, ""corr_spec"": {""lam"": 0.98, ""mode"": ""ewma""}, ""dr_method"": ""none"", ""global_id"": 459, ""k1_topk"": 700, ""lag_candidates"": [0, 1, 2, 3, 4, 5, 6], ""lambda"": 1.0, ""redundancy_param"": 0.9, ""sample_weight_decay"": 0.99, ""seed"": 42, ""target_block_set"": null}"
block1,elastic_net_without_target_700,461,460,"{""alpha"": 0.0, ""corr_spec"": {""lam"": 0.98, ""mode"": ""ewma""}, ""dr_method"": ""none"", ""global_id"": 460, ""k1_topk"": 700, ""lag_candidates"": [0, 1, 2, 3, 4, 5, 6], ""lambda"": 10.0, ""redundancy_param"": 0.9, ""sample_weight_decay"": 0.99, ""seed"": 42, ""target_block_set"": null}"
block1,elastic_net_without_target_700,462,461,"{""alpha"": 0.0, ""corr_spec"": {""lam"": 0.98, ""mode"": ""ewma""}, ""dr_method"": ""none"", ""global_id"": 461, ""k1_topk"": 700, ""lag_candidates"": [0, 1, 2, 3, 4, 5, 6], ""lambda"": 100.0, ""redundancy_param"": 0.9, ""sample_weight_decay"": 0.99, ""seed"": 42, ""target_block_set"": null}"
block1,elastic_net_without_target_700,463,462,"{""alpha"": 0.25, ""corr_spec"": {""lam"": 0.98, ""mode"": ""ewma""}, ""dr_method"": ""none"", ""global_id"": 462, ""k1_topk"": 700, ""lag_candidates"": [0, 1, 2, 3, 4, 5, 6], ""lambda"": 0.0001, ""redundancy_param"": 0.9, ""sample_weight_decay"": 0.99, ""seed"": 42, ""target_block_set"": null}"
block1,elastic_net_without_target_700,464,463,"{""alpha"": 0.25, ""corr_spec"": {""lam"": 0.98, ""mode"": ""ewma""}, ""dr_method"": ""none"", ""global_id"": 463, ""k1_topk"": 700, ""lag_candidates"": [0, 1, 2, 3, 4, 5, 6], ""lambda"": 0.001, ""redundancy_param"": 0.9, ""sample_weight_decay"": 0.99, ""seed"": 42, ""target_block_set"": null}"
block1,elastic_net_without_target_700,465,464,"{""alpha"": 0.25, ""corr_spec"": {""lam"": 0.98, ""mode"": ""ewma""}, ""dr_method"": ""none"", ""global_id"": 464, ""k1_topk"": 700, ""lag_candidates"": [0, 1, 2, 3, 4, 5, 6], ""lambda"": 0.01, ""redundancy_param"": 0.9, ""sample_weight_decay"": 0.99, ""seed"": 42, ""target_block_set"": null}"
block1,elastic_net_without_target_700,466,465,"{""alpha"": 0.25, ""corr_spec"": {""lam"": 0.98, ""mode"": ""ewma""}, ""dr_method"": ""none"", ""global_id"": 465, ""k1_topk"": 700, ""lag_candidates"": [0, 1, 2, 3, 4, 5, 6], ""lambda"": 0.1, ""redundancy_param"": 0.9, ""sample_weight_decay"": 0.99, ""seed"": 42, ""target_block_set"": null}"
block1,elastic_net_without_target_700,467,466,"{""alpha"": 0.25, ""corr_spec"": {""lam"": 0.98, ""mode"": ""ewma""}, ""dr_method"": ""none"", ""global_id"": 466, ""k1_topk"": 700, ""lag_candidates"": [0, 1, 2, 3, 4, 5, 6], ""lambda"": 1.0, ""redundancy_param"": 0.9, ""sample_weight_decay"": 0.99, ""seed"": 42, ""target_block_set"": null}"
block1,elastic_net_without_target_700,468,467,"{""alpha"": 0.25, ""corr_spec"": {""lam"": 0.98, ""mode"": ""ewma""}, ""dr_method"": ""none"", ""global_id"": 467, ""k1_topk"": 700, ""lag_candidates"": [0, 1, 2, 3, 4, 5, 6], ""lambda"": 10.0, ""redundancy_param"": 0.9, ""sample_weight_decay"": 0.99, ""seed"": 42, ""target_block_set"": null}"
block1,elastic_net_without_target_700,469,468,"{""alpha"": 0.25, ""corr_spec"": {""lam"": 0.98, ""mode"": ""ewma""}, ""dr_method"": ""none"", ""global_id"": 468, ""k1_topk"": 700, ""lag_candidates"": [0, 1, 2, 3, 4, 5, 6], ""lambda"": 100.0, ""redundancy_param"": 0.9, ""sample_weight_decay"": 0.99, ""seed"": 42, ""target_block_set"": null}"
block1,elastic_net_without_target_700,470,469,"{""alpha"": 0.5, ""corr_spec"": {""lam"": 0.98, ""mode"": ""ewma""}, ""dr_method"": ""none"", ""global_id"": 469, ""k1_topk"": 700, ""lag_candidates"": [0, 1, 2, 3, 4, 5, 6], ""lambda"": 0.0001, ""redundancy_param"": 0.9, ""sample_weight_decay"": 0.99, ""seed"": 42, ""target_block_set"": null}"
block1,elastic_net_without_target_700,471,470,"{""alpha"": 0.5, ""corr_spec"": {""lam"": 0.98, ""mode"": ""ewma""}, ""dr_method"": ""none"", ""global_id"": 470, ""k1_topk"": 700, ""lag_candidates"": [0, 1, 2, 3, 4, 5, 6], ""lambda"": 0.001, ""redundancy_param"": 0.9, ""sample_weight_decay"": 0.99, ""seed"": 42, ""target_block_set"": null}"
block1,elastic_net_without_target_700,472,471,"{""alpha"": 0.5, ""corr_spec"": {""lam"": 0.98, ""mode"": ""ewma""}, ""dr_method"": ""none"", ""global_id"": 471, ""k1_topk"": 700, ""lag_candidates"": [0, 1, 2, 3, 4, 5, 6], ""lambda"": 0.01, ""redundancy_param"": 0.9, ""sample_weight_decay"": 0.99, ""seed"": 42, ""target_block_set"": null}"
block1,elastic_net_without_target_700,473,472,"{""alpha"": 0.5, ""corr_spec"": {""lam"": 0.98, ""mode"": ""ewma""}, ""dr_method"": ""none"", ""global_id"": 472, ""k1_topk"": 700, ""lag_candidates"": [0, 1, 2, 3, 4, 5, 6], ""lambda"": 0.1, ""redundancy_param"": 0.9, ""sample_weight_decay"": 0.99, ""seed"": 42, ""target_block_set"": null}"
block1,elastic_net_without_target_700,474,473,"{""alpha"": 0.5, ""corr_spec"": {""lam"": 0.98, ""mode"": ""ewma""}, ""dr_method"": ""none"", ""global_id"": 473, ""k1_topk"": 700, ""lag_candidates"": [0, 1, 2, 3, 4, 5, 6], ""lambda"": 1.0, ""redundancy_param"": 0.9, ""sample_weight_decay"": 0.99, ""seed"": 42, ""target_block_set"": null}"
block1,elastic_net_without_target_700,475,474,"{""alpha"": 0.5, ""corr_spec"": {""lam"": 0.98, ""mode"": ""ewma""}, ""dr_method"": ""none"", ""global_id"": 474, ""k1_topk"": 700, ""lag_candidates"": [0, 1, 2, 3, 4, 5, 6], ""lambda"": 10.0, ""redundancy_param"": 0.9, ""sample_weight_decay"": 0.99, ""seed"": 42, ""target_block_set"": null}"
block1,elastic_net_without_target_700,476,475,"{""alpha"": 0.5, ""corr_spec"": {""lam"": 0.98, ""mode"": ""ewma""}, ""dr_method"": ""none"", ""global_id"": 475, ""k1_topk"": 700, ""lag_candidates"": [0, 1, 2, 3, 4, 5, 6], ""lambda"": 100.0, ""redundancy_param"": 0.9, ""sample_weight_decay"": 0.99, ""seed"": 42, ""target_block_set"": null}"
block1,elastic_net_without_target_700,477,476,"{""alpha"": 0.75, ""corr_spec"": {""lam"": 0.98, ""mode"": ""ewma""}, ""dr_method"": ""none"", ""global_id"": 476, ""k1_topk"": 700, ""lag_candidates"": [0, 1, 2, 3, 4, 5, 6], ""lambda"": 0.0001, ""redundancy_param"": 0.9, ""sample_weight_decay"": 0.99, ""seed"": 42, ""target_block_set"": null}"
block1,elastic_net_without_target_700,478,477,"{""alpha"": 0.75, ""corr_spec"": {""lam"": 0.98, ""mode"": ""ewma""}, ""dr_method"": ""none"", ""global_id"": 477, ""k1_topk"": 700, ""lag_candidates"": [0, 1, 2, 3, 4, 5, 6], ""lambda"": 0.001, ""redundancy_param"": 0.9, ""sample_weight_decay"": 0.99, ""seed"": 42, ""target_block_set"": null}"
block1,elastic_net_without_target_700,479,478,"{""alpha"": 0.75, ""corr_spec"": {""lam"": 0.98, ""mode"": ""ewma""}, ""dr_method"": ""none"", ""global_id"": 478, ""k1_topk"": 700, ""lag_candidates"": [0, 1, 2, 3, 4, 5, 6], ""lambda"": 0.01, ""redundancy_param"": 0.9, ""sample_weight_decay"": 0.99, ""seed"": 42, ""target_block_set"": null}"
block1,elastic_net_without_target_700,480,479,"{""alpha"": 0.75, ""corr_spec"": {""lam"": 0.98, ""mode"": ""ewma""}, ""dr_method"": ""none"", ""global_id"": 479, ""k1_topk"": 700, ""lag_candidates"": [0, 1, 2, 3, 4, 5, 6], ""lambda"": 0.1, ""redundancy_param"": 0.9, ""sample_weight_decay"": 0.99, ""seed"": 42, ""target_block_set"": null}"
block1,elastic_net_without_target_700,481,480,"{""alpha"": 0.75, ""corr_spec"": {""lam"": 0.98, ""mode"": ""ewma""}, ""dr_method"": ""none"", ""global_id"": 480, ""k1_topk"": 700, ""lag_candidates"": [0, 1, 2, 3, 4, 5, 6], ""lambda"": 1.0, ""redundancy_param"": 0.9, ""sample_weight_decay"": 0.99, ""seed"": 42, ""target_block_set"": null}"
block1,elastic_net_without_target_700,482,481,"{""alpha"": 0.75, ""corr_spec"": {""lam"": 0.98, ""mode"": ""ewma""}, ""dr_method"": ""none"", ""global_id"": 481, ""k1_topk"": 700, ""lag_candidates"": [0, 1, 2, 3, 4, 5, 6], ""lambda"": 10.0, ""redundancy_param"": 0.9, ""sample_weight_decay"": 0.99, ""seed"": 42, ""target_block_set"": null}"
block1,elastic_net_without_target_700,483,482,"{""alpha"": 0.75, ""corr_spec"": {""lam"": 0.98, ""mode"": ""ewma""}, ""dr_method"": ""none"", ""global_id"": 482, ""k1_topk"": 700, ""lag_candidates"": [0, 1, 2, 3, 4, 5, 6], ""lambda"": 100.0, ""redundancy_param"": 0.9, ""sample_weight_decay"": 0.99, ""seed"": 42, ""target_block_set"": null}"
block1,elastic_net_without_target_700,484,483,"{""alpha"": 1.0, ""corr_spec"": {""lam"": 0.98, ""mode"": ""ewma""}, ""dr_method"": ""none"", ""global_id"": 483, ""k1_topk"": 700, ""lag_candidates"": [0, 1, 2, 3, 4, 5, 6], ""lambda"": 0.0001, ""redundancy_param"": 0.9, ""sample_weight_decay"": 0.99, ""seed"": 42, ""target_block_set"": null}"
block1,elastic_net_without_target_700,485,484,"{""alpha"": 1.0, ""corr_spec"": {""lam"": 0.98, ""mode"": ""ewma""}, ""dr_method"": ""none"", ""global_id"": 484, ""k1_topk"": 700, ""lag_candidates"": [0, 1, 2, 3, 4, 5, 6], ""lambda"": 0.001, ""redundancy_param"": 0.9, ""sample_weight_decay"": 0.99, ""seed"": 42, ""target_block_set"": null}"
block1,elastic_net_without_target_700,486,485,"{""alpha"": 1.0, ""corr_spec"": {""lam"": 0.98, ""mode"": ""ewma""}, ""dr_method"": ""none"", ""global_id"": 485, ""k1_topk"": 700, ""lag_candidates"": [0, 1, 2, 3, 4, 5, 6], ""lambda"": 0.01, ""redundancy_param"": 0.9, ""sample_weight_decay"": 0.99, ""seed"": 42, ""target_block_set"": null}"
block1,elastic_net_without_target_700,487,486,"{""alpha"": 1.0, ""corr_spec"": {""lam"": 0.98, ""mode"": ""ewma""}, ""dr_method"": ""none"", ""global_id"": 486, ""k1_topk"": 700, ""lag_candidates"": [0, 1, 2, 3, 4, 5, 6], ""lambda"": 0.1, ""redundancy_param"": 0.9, ""sample_weight_decay"": 0.99, ""seed"": 42, ""target_block_set"": null}"
block1,elastic_net_without_target_700,488,487,"{""alpha"": 1.0, ""corr_spec"": {""lam"": 0.98, ""mode"": ""ewma""}, ""dr_method"": ""none"", ""global_id"": 487, ""k1_topk"": 700, ""lag_candidates"": [0, 1, 2, 3, 4, 5, 6], ""lambda"": 1.0, ""redundancy_param"": 0.9, ""sample_weight_decay"": 0.99, ""seed"": 42, ""target_block_set"": null}"
block1,elastic_net_without_target_700,489,488,"{""alpha"": 1.0, ""corr_spec"": {""lam"": 0.98, ""mode"": ""ewma""}, ""dr_method"": ""none"", ""global_id"": 488, ""k1_topk"": 700, ""lag_candidates"": [0, 1, 2, 3, 4, 5, 6], ""lambda"": 10.0, ""redundancy_param"": 0.9, ""sample_weight_decay"": 0.99, ""seed"": 42, ""target_block_set"": null}"
block1,elastic_net_without_target_700,490,489,"{""alpha"": 1.0, ""corr_spec"": {""lam"": 0.98, ""mode"": ""ewma""}, ""dr_method"": ""none"", ""global_id"": 489, ""k1_topk"": 700, ""lag_candidates"": [0, 1, 2, 3, 4, 5, 6], ""lambda"": 100.0, ""redundancy_param"": 0.9, ""sample_weight_decay"": 0.99, ""seed"": 42, ""target_block_set"": null}"
block1,elastic_net_without_target_700,491,490,"{""alpha"": 0.0, ""corr_spec"": {""lam"": 0.98, ""mode"": ""ewma""}, ""dr_method"": ""pca"", ""global_id"": 490, ""k1_topk"": 700, ""lag_candidates"": [0, 1, 2, 3, 4, 5, 6], ""lambda"": 0.0001, ""pca_kmax"": 30, ""pca_var_target"": 0.99, ""redundancy_param"": 0.9, ""sample_weight_decay"": null, ""seed"": 42, ""target_block_set"": null}"
block1,elastic_net_without_target_700,492,491,"{""alpha"": 0.0, ""corr_spec"": {""lam"": 0.98, ""mode"": ""ewma""}, ""dr_method"": ""pca"", ""global_id"": 491, ""k1_topk"": 700, ""lag_candidates"": [0, 1, 2, 3, 4, 5, 6], ""lambda"": 0.001, ""pca_kmax"": 30, ""pca_var_target"": 0.99, ""redundancy_param"": 0.9, ""sample_weight_decay"": null, ""seed"": 42, ""target_block_set"": null}"
block1,elastic_net_without_target_700,493,492,"{""alpha"": 0.0, ""corr_spec"": {""lam"": 0.98, ""mode"": ""ewma""}, ""dr_method"": ""pca"", ""global_id"": 492, ""k1_topk"": 700, ""lag_candidates"": [0, 1, 2, 3, 4, 5, 6], ""lambda"": 0.01, ""pca_kmax"": 30, ""pca_var_target"": 0.99, ""redundancy_param"": 0.9, ""sample_weight_decay"": null, ""seed"": 42, ""target_block_set"": null}"
block1,elastic_net_without_target_700,494,493,"{""alpha"": 0.0, ""corr_spec"": {""lam"": 0.98, ""mode"": ""ewma""}, ""dr_method"": ""pca"", ""global_id"": 493, ""k1_topk"": 700, ""lag_candidates"": [0, 1, 2, 3, 4, 5, 6], ""lambda"": 0.1, ""pca_kmax"": 30, ""pca_var_target"": 0.99, ""redundancy_param"": 0.9, ""sample_weight_decay"": null, ""seed"": 42, ""target_block_set"": null}"
block1,elastic_net_without_target_700,495,494,"{""alpha"": 0.0, ""corr_spec"": {""lam"": 0.98, ""mode"": ""ewma""}, ""dr_method"": ""pca"", ""global_id"": 494, ""k1_topk"": 700, ""lag_candidates"": [0, 1, 2, 3, 4, 5, 6], ""lambda"": 1.0, ""pca_kmax"": 30, ""pca_var_target"": 0.99, ""redundancy_param"": 0.9, ""sample_weight_decay"": null, ""seed"": 42, ""target_block_set"": null}"
block1,elastic_net_without_target_700,496,495,"{""alpha"": 0.0, ""corr_spec"": {""lam"": 0.98, ""mode"": ""ewma""}, ""dr_method"": ""pca"", ""global_id"": 495, ""k1_topk"": 700, ""lag_candidates"": [0, 1, 2, 3, 4, 5, 6], ""lambda"": 10.0, ""pca_kmax"": 30, ""pca_var_target"": 0.99, ""redundancy_param"": 0.9, ""sample_weight_decay"": null, ""seed"": 42, ""target_block_set"": null}"
block1,elastic_net_without_target_700,497,496,"{""alpha"": 0.0, ""corr_spec"": {""lam"": 0.98, ""mode"": ""ewma""}, ""dr_method"": ""pca"", ""global_id"": 496, ""k1_topk"": 700, ""lag_candidates"": [0, 1, 2, 3, 4, 5, 6], ""lambda"": 100.0, ""pca_kmax"": 30, ""pca_var_target"": 0.99, ""redundancy_param"": 0.9, ""sample_weight_decay"": null, ""seed"": 42, ""target_block_set"": null}"
block1,elastic_net_without_target_700,498,497,"{""alpha"": 0.25, ""corr_spec"": {""lam"": 0.98, ""mode"": ""ewma""}, ""dr_method"": ""pca"", ""global_id"": 497, ""k1_topk"": 700, ""lag_candidates"": [0, 1, 2, 3, 4, 5, 6], ""lambda"": 0.0001, ""pca_kmax"": 30, ""pca_var_target"": 0.99, ""redundancy_param"": 0.9, ""sample_weight_decay"": null, ""seed"": 42, ""target_block_set"": null}"
block1,elastic_net_without_target_700,499,498,"{""alpha"": 0.25, ""corr_spec"": {""lam"": 0.98, ""mode"": ""ewma""}, ""dr_method"": ""pca"", ""global_id"": 498, ""k1_topk"": 700, ""lag_candidates"": [0, 1, 2, 3, 4, 5, 6], ""lambda"": 0.001, ""pca_kmax"": 30, ""pca_var_target"": 0.99, ""redundancy_param"": 0.9, ""sample_weight_decay"": null, ""seed"": 42, ""target_block_set"": null}"
block1,elastic_net_without_target_700,500,499,"{""alpha"": 0.25, ""corr_spec"": {""lam"": 0.98, ""mode"": ""ewma""}, ""dr_method"": ""pca"", ""global_id"": 499, ""k1_topk"": 700, ""lag_candidates"": [0, 1, 2, 3, 4, 5, 6], ""lambda"": 0.01, ""pca_kmax"": 30, ""pca_var_target"": 0.99, ""redundancy_param"": 0.9, ""sample_weight_decay"": null, ""seed"": 42, ""target_block_set"": null}"
block1,elastic_net_without_target_700,501,500,"{""alpha"": 0.25, ""corr_spec"": {""lam"": 0.98, ""mode"": ""ewma""}, ""dr_method"": ""pca"", ""global_id"": 500, ""k1_topk"": 700, ""lag_candidates"": [0, 1, 2, 3, 4, 5, 6], ""lambda"": 0.1, ""pca_kmax"": 30, ""pca_var_target"": 0.99, ""redundancy_param"": 0.9, ""sample_weight_decay"": null, ""seed"": 42, ""target_block_set"": null}"
block1,elastic_net_without_target_700,502,501,"{""alpha"": 0.25, ""corr_spec"": {""lam"": 0.98, ""mode"": ""ewma""}, ""dr_method"": ""pca"", ""global_id"": 501, ""k1_topk"": 700, ""lag_candidates"": [0, 1, 2, 3, 4, 5, 6], ""lambda"": 1.0, ""pca_kmax"": 30, ""pca_var_target"": 0.99, ""redundancy_param"": 0.9, ""sample_weight_decay"": null, ""seed"": 42, ""target_block_set"": null}"
block1,elastic_net_without_target_700,503,502,"{""alpha"": 0.25, ""corr_spec"": {""lam"": 0.98, ""mode"": ""ewma""}, ""dr_method"": ""pca"", ""global_id"": 502, ""k1_topk"": 700, ""lag_candidates"": [0, 1, 2, 3, 4, 5, 6], ""lambda"": 10.0, ""pca_kmax"": 30, ""pca_var_target"": 0.99, ""redundancy_param"": 0.9, ""sample_weight_decay"": null, ""seed"": 42, ""target_block_set"": null}"
block1,elastic_net_without_target_700,504,503,"{""alpha"": 0.25, ""corr_spec"": {""lam"": 0.98, ""mode"": ""ewma""}, ""dr_method"": ""pca"", ""global_id"": 503, ""k1_topk"": 700, ""lag_candidates"": [0, 1, 2, 3, 4, 5, 6], ""lambda"": 100.0, ""pca_kmax"": 30, ""pca_var_target"": 0.99, ""redundancy_param"": 0.9, ""sample_weight_decay"": null, ""seed"": 42, ""target_block_set"": null}"
