block,model,config_id,config_global_id,config_json
block1,elastic_net,1345,1344,"{""alpha"": 0.5, ""corr_spec"": {""lam"": 0.98, ""mode"": ""ewma""}, ""dr_method"": ""pca"", ""global_id"": 1344, ""k1_topk"": 7000, ""lag_candidates"": [0, 1, 2, 3, 4, 5, 6], ""lambda"": 0.0001, ""pca_kmax"": 30, ""pca_var_target"": 0.99, ""redundancy_param"": 0.9, ""sample_weight_decay"": null, ""seed"": 42, ""target_block_set"": [""AR1"", ""Chronos"", ""TSFresh""]}"
block1,elastic_net,1346,1345,"{""alpha"": 0.5, ""corr_spec"": {""lam"": 0.98, ""mode"": ""ewma""}, ""dr_method"": ""pca"", ""global_id"": 1345, ""k1_topk"": 7000, ""lag_candidates"": [0, 1, 2, 3, 4, 5, 6], ""lambda"": 0.001, ""pca_kmax"": 30, ""pca_var_target"": 0.99, ""redundancy_param"": 0.9, ""sample_weight_decay"": null, ""seed"": 42, ""target_block_set"": [""AR1"", ""Chronos"", ""TSFresh""]}"
block1,elastic_net,1347,1346,"{""alpha"": 0.5, ""corr_spec"": {""lam"": 0.98, ""mode"": ""ewma""}, ""dr_method"": ""pca"", ""global_id"": 1346, ""k1_topk"": 7000, ""lag_candidates"": [0, 1, 2, 3, 4, 5, 6], ""lambda"": 0.01, ""pca_kmax"": 30, ""pca_var_target"": 0.99, ""redundancy_param"": 0.9, ""sample_weight_decay"": null, ""seed"": 42, ""target_block_set"": [""AR1"", ""Chronos"", ""TSFresh""]}"
block1,elastic_net,1348,1347,"{""alpha"": 0.5, ""corr_spec"": {""lam"": 0.98, ""mode"": ""ewma""}, ""dr_method"": ""pca"", ""global_id"": 1347, ""k1_topk"": 7000, ""lag_candidates"": [0, 1, 2, 3, 4, 5, 6], ""lambda"": 0.1, ""pca_kmax"": 30, ""pca_var_target"": 0.99, ""redundancy_param"": 0.9, ""sample_weight_decay"": null, ""seed"": 42, ""target_block_set"": [""AR1"", ""Chronos"", ""TSFresh""]}"
block1,elastic_net,1349,1348,"{""alpha"": 0.5, ""corr_spec"": {""lam"": 0.98, ""mode"": ""ewma""}, ""dr_method"": ""pca"", ""global_id"": 1348, ""k1_topk"": 7000, ""lag_candidates"": [0, 1, 2, 3, 4, 5, 6], ""lambda"": 1.0, ""pca_kmax"": 30, ""pca_var_target"": 0.99, ""redundancy_param"": 0.9, ""sample_weight_decay"": null, ""seed"": 42, ""target_block_set"": [""AR1"", ""Chronos"", ""TSFresh""]}"
block1,elastic_net,1350,1349,"{""alpha"": 0.5, ""corr_spec"": {""lam"": 0.98, ""mode"": ""ewma""}, ""dr_method"": ""pca"", ""global_id"": 1349, ""k1_topk"": 7000, ""lag_candidates"": [0, 1, 2, 3, 4, 5, 6], ""lambda"": 10.0, ""pca_kmax"": 30, ""pca_var_target"": 0.99, ""redundancy_param"": 0.9, ""sample_weight_decay"": null, ""seed"": 42, ""target_block_set"": [""AR1"", ""Chronos"", ""TSFresh""]}"
block1,elastic_net,1351,1350,"{""alpha"": 0.5, ""corr_spec"": {""lam"": 0.98, ""mode"": ""ewma""}, ""dr_method"": ""pca"", ""global_id"": 1350, ""k1_topk"": 7000, ""lag_candidates"": [0, 1, 2, 3, 4, 5, 6], ""lambda"": 100.0, ""pca_kmax"": 30, ""pca_var_target"": 0.99, ""redundancy_param"": 0.9, ""sample_weight_decay"": null, ""seed"": 42, ""target_block_set"": [""AR1"", ""Chronos"", ""TSFresh""]}"
block1,elastic_net,1352,1351,"{""alpha"": 0.75, ""corr_spec"": {""lam"": 0.98, ""mode"": ""ewma""}, ""dr_method"": ""pca"", ""global_id"": 1351, ""k1_topk"": 7000, ""lag_candidates"": [0, 1, 2, 3, 4, 5, 6], ""lambda"": 0.0001, ""pca_kmax"": 30, ""pca_var_target"": 0.99, ""redundancy_param"": 0.9, ""sample_weight_decay"": null, ""seed"": 42, ""target_block_set"": [""AR1"", ""Chronos"", ""TSFresh""]}"
block1,elastic_net,1353,1352,"{""alpha"": 0.75, ""corr_spec"": {""lam"": 0.98, ""mode"": ""ewma""}, ""dr_method"": ""pca"", ""global_id"": 1352, ""k1_topk"": 7000, ""lag_candidates"": [0, 1, 2, 3, 4, 5, 6], ""lambda"": 0.001, ""pca_kmax"": 30, ""pca_var_target"": 0.99, ""redundancy_param"": 0.9, ""sample_weight_decay"": null, ""seed"": 42, ""target_block_set"": [""AR1"", ""Chronos"", ""TSFresh""]}"
block1,elastic_net,1354,1353,"{""alpha"": 0.75, ""corr_spec"": {""lam"": 0.98, ""mode"": ""ewma""}, ""dr_method"": ""pca"", ""global_id"": 1353, ""k1_topk"": 7000, ""lag_candidates"": [0, 1, 2, 3, 4, 5, 6], ""lambda"": 0.01, ""pca_kmax"": 30, ""pca_var_target"": 0.99, ""redundancy_param"": 0.9, ""sample_weight_decay"": null, ""seed"": 42, ""target_block_set"": [""AR1"", ""Chronos"", ""TSFresh""]}"
block1,elastic_net,1355,1354,"{""alpha"": 0.75, ""corr_spec"": {""lam"": 0.98, ""mode"": ""ewma""}, ""dr_method"": ""pca"", ""global_id"": 1354, ""k1_topk"": 7000, ""lag_candidates"": [0, 1, 2, 3, 4, 5, 6], ""lambda"": 0.1, ""pca_kmax"": 30, ""pca_var_target"": 0.99, ""redundancy_param"": 0.9, ""sample_weight_decay"": null, ""seed"": 42, ""target_block_set"": [""AR1"", ""Chronos"", ""TSFresh""]}"
block1,elastic_net,1356,1355,"{""alpha"": 0.75, ""corr_spec"": {""lam"": 0.98, ""mode"": ""ewma""}, ""dr_method"": ""pca"", ""global_id"": 1355, ""k1_topk"": 7000, ""lag_candidates"": [0, 1, 2, 3, 4, 5, 6], ""lambda"": 1.0, ""pca_kmax"": 30, ""pca_var_target"": 0.99, ""redundancy_param"": 0.9, ""sample_weight_decay"": null, ""seed"": 42, ""target_block_set"": [""AR1"", ""Chronos"", ""TSFresh""]}"
block1,elastic_net,1357,1356,"{""alpha"": 0.75, ""corr_spec"": {""lam"": 0.98, ""mode"": ""ewma""}, ""dr_method"": ""pca"", ""global_id"": 1356, ""k1_topk"": 7000, ""lag_candidates"": [0, 1, 2, 3, 4, 5, 6], ""lambda"": 10.0, ""pca_kmax"": 30, ""pca_var_target"": 0.99, ""redundancy_param"": 0.9, ""sample_weight_decay"": null, ""seed"": 42, ""target_block_set"": [""AR1"", ""Chronos"", ""TSFresh""]}"
block1,elastic_net,1358,1357,"{""alpha"": 0.75, ""corr_spec"": {""lam"": 0.98, ""mode"": ""ewma""}, ""dr_method"": ""pca"", ""global_id"": 1357, ""k1_topk"": 7000, ""lag_candidates"": [0, 1, 2, 3, 4, 5, 6], ""lambda"": 100.0, ""pca_kmax"": 30, ""pca_var_target"": 0.99, ""redundancy_param"": 0.9, ""sample_weight_decay"": null, ""seed"": 42, ""target_block_set"": [""AR1"", ""Chronos"", ""TSFresh""]}"
block1,elastic_net,1359,1358,"{""alpha"": 1.0, ""corr_spec"": {""lam"": 0.98, ""mode"": ""ewma""}, ""dr_method"": ""pca"", ""global_id"": 1358, ""k1_topk"": 7000, ""lag_candidates"": [0, 1, 2, 3, 4, 5, 6], ""lambda"": 0.0001, ""pca_kmax"": 30, ""pca_var_target"": 0.99, ""redundancy_param"": 0.9, ""sample_weight_decay"": null, ""seed"": 42, ""target_block_set"": [""AR1"", ""Chronos"", ""TSFresh""]}"
block1,elastic_net,1360,1359,"{""alpha"": 1.0, ""corr_spec"": {""lam"": 0.98, ""mode"": ""ewma""}, ""dr_method"": ""pca"", ""global_id"": 1359, ""k1_topk"": 7000, ""lag_candidates"": [0, 1, 2, 3, 4, 5, 6], ""lambda"": 0.001, ""pca_kmax"": 30, ""pca_var_target"": 0.99, ""redundancy_param"": 0.9, ""sample_weight_decay"": null, ""seed"": 42, ""target_block_set"": [""AR1"", ""Chronos"", ""TSFresh""]}"
block1,elastic_net,1361,1360,"{""alpha"": 1.0, ""corr_spec"": {""lam"": 0.98, ""mode"": ""ewma""}, ""dr_method"": ""pca"", ""global_id"": 1360, ""k1_topk"": 7000, ""lag_candidates"": [0, 1, 2, 3, 4, 5, 6], ""lambda"": 0.01, ""pca_kmax"": 30, ""pca_var_target"": 0.99, ""redundancy_param"": 0.9, ""sample_weight_decay"": null, ""seed"": 42, ""target_block_set"": [""AR1"", ""Chronos"", ""TSFresh""]}"
block1,elastic_net,1362,1361,"{""alpha"": 1.0, ""corr_spec"": {""lam"": 0.98, ""mode"": ""ewma""}, ""dr_method"": ""pca"", ""global_id"": 1361, ""k1_topk"": 7000, ""lag_candidates"": [0, 1, 2, 3, 4, 5, 6], ""lambda"": 0.1, ""pca_kmax"": 30, ""pca_var_target"": 0.99, ""redundancy_param"": 0.9, ""sample_weight_decay"": null, ""seed"": 42, ""target_block_set"": [""AR1"", ""Chronos"", ""TSFresh""]}"
block1,elastic_net,1363,1362,"{""alpha"": 1.0, ""corr_spec"": {""lam"": 0.98, ""mode"": ""ewma""}, ""dr_method"": ""pca"", ""global_id"": 1362, ""k1_topk"": 7000, ""lag_candidates"": [0, 1, 2, 3, 4, 5, 6], ""lambda"": 1.0, ""pca_kmax"": 30, ""pca_var_target"": 0.99, ""redundancy_param"": 0.9, ""sample_weight_decay"": null, ""seed"": 42, ""target_block_set"": [""AR1"", ""Chronos"", ""TSFresh""]}"
block1,elastic_net,1364,1363,"{""alpha"": 1.0, ""corr_spec"": {""lam"": 0.98, ""mode"": ""ewma""}, ""dr_method"": ""pca"", ""global_id"": 1363, ""k1_topk"": 7000, ""lag_candidates"": [0, 1, 2, 3, 4, 5, 6], ""lambda"": 10.0, ""pca_kmax"": 30, ""pca_var_target"": 0.99, ""redundancy_param"": 0.9, ""sample_weight_decay"": null, ""seed"": 42, ""target_block_set"": [""AR1"", ""Chronos"", ""TSFresh""]}"
block1,elastic_net,1365,1364,"{""alpha"": 1.0, ""corr_spec"": {""lam"": 0.98, ""mode"": ""ewma""}, ""dr_method"": ""pca"", ""global_id"": 1364, ""k1_topk"": 7000, ""lag_candidates"": [0, 1, 2, 3, 4, 5, 6], ""lambda"": 100.0, ""pca_kmax"": 30, ""pca_var_target"": 0.99, ""redundancy_param"": 0.9, ""sample_weight_decay"": null, ""seed"": 42, ""target_block_set"": [""AR1"", ""Chronos"", ""TSFresh""]}"
block1,elastic_net,1366,1365,"{""alpha"": 0.0, ""corr_spec"": {""lam"": 0.98, ""mode"": ""ewma""}, ""dr_method"": ""pca"", ""global_id"": 1365, ""k1_topk"": 7000, ""lag_candidates"": [0, 1, 2, 3, 4, 5, 6], ""lambda"": 0.0001, ""pca_kmax"": 30, ""pca_var_target"": 0.99, ""redundancy_param"": 0.9, ""sample_weight_decay"": 0.99, ""seed"": 42, ""target_block_set"": [""AR1"", ""Chronos"", ""TSFresh""]}"
block1,elastic_net,1367,1366,"{""alpha"": 0.0, ""corr_spec"": {""lam"": 0.98, ""mode"": ""ewma""}, ""dr_method"": ""pca"", ""global_id"": 1366, ""k1_topk"": 7000, ""lag_candidates"": [0, 1, 2, 3, 4, 5, 6], ""lambda"": 0.001, ""pca_kmax"": 30, ""pca_var_target"": 0.99, ""redundancy_param"": 0.9, ""sample_weight_decay"": 0.99, ""seed"": 42, ""target_block_set"": [""AR1"", ""Chronos"", ""TSFresh""]}"
block1,elastic_net,1368,1367,"{""alpha"": 0.0, ""corr_spec"": {""lam"": 0.98, ""mode"": ""ewma""}, ""dr_method"": ""pca"", ""global_id"": 1367, ""k1_topk"": 7000, ""lag_candidates"": [0, 1, 2, 3, 4, 5, 6], ""lambda"": 0.01, ""pca_kmax"": 30, ""pca_var_target"": 0.99, ""redundancy_param"": 0.9, ""sample_weight_decay"": 0.99, ""seed"": 42, ""target_block_set"": [""AR1"", ""Chronos"", ""TSFresh""]}"
block1,elastic_net,1369,1368,"{""alpha"": 0.0, ""corr_spec"": {""lam"": 0.98, ""mode"": ""ewma""}, ""dr_method"": ""pca"", ""global_id"": 1368, ""k1_topk"": 7000, ""lag_candidates"": [0, 1, 2, 3, 4, 5, 6], ""lambda"": 0.1, ""pca_kmax"": 30, ""pca_var_target"": 0.99, ""redundancy_param"": 0.9, ""sample_weight_decay"": 0.99, ""seed"": 42, ""target_block_set"": [""AR1"", ""Chronos"", ""TSFresh""]}"
block1,elastic_net,1370,1369,"{""alpha"": 0.0, ""corr_spec"": {""lam"": 0.98, ""mode"": ""ewma""}, ""dr_method"": ""pca"", ""global_id"": 1369, ""k1_topk"": 7000, ""lag_candidates"": [0, 1, 2, 3, 4, 5, 6], ""lambda"": 1.0, ""pca_kmax"": 30, ""pca_var_target"": 0.99, ""redundancy_param"": 0.9, ""sample_weight_decay"": 0.99, ""seed"": 42, ""target_block_set"": [""AR1"", ""Chronos"", ""TSFresh""]}"
block1,elastic_net,1371,1370,"{""alpha"": 0.0, ""corr_spec"": {""lam"": 0.98, ""mode"": ""ewma""}, ""dr_method"": ""pca"", ""global_id"": 1370, ""k1_topk"": 7000, ""lag_candidates"": [0, 1, 2, 3, 4, 5, 6], ""lambda"": 10.0, ""pca_kmax"": 30, ""pca_var_target"": 0.99, ""redundancy_param"": 0.9, ""sample_weight_decay"": 0.99, ""seed"": 42, ""target_block_set"": [""AR1"", ""Chronos"", ""TSFresh""]}"
block1,elastic_net,1372,1371,"{""alpha"": 0.0, ""corr_spec"": {""lam"": 0.98, ""mode"": ""ewma""}, ""dr_method"": ""pca"", ""global_id"": 1371, ""k1_topk"": 7000, ""lag_candidates"": [0, 1, 2, 3, 4, 5, 6], ""lambda"": 100.0, ""pca_kmax"": 30, ""pca_var_target"": 0.99, ""redundancy_param"": 0.9, ""sample_weight_decay"": 0.99, ""seed"": 42, ""target_block_set"": [""AR1"", ""Chronos"", ""TSFresh""]}"
block1,elastic_net,1373,1372,"{""alpha"": 0.25, ""corr_spec"": {""lam"": 0.98, ""mode"": ""ewma""}, ""dr_method"": ""pca"", ""global_id"": 1372, ""k1_topk"": 7000, ""lag_candidates"": [0, 1, 2, 3, 4, 5, 6], ""lambda"": 0.0001, ""pca_kmax"": 30, ""pca_var_target"": 0.99, ""redundancy_param"": 0.9, ""sample_weight_decay"": 0.99, ""seed"": 42, ""target_block_set"": [""AR1"", ""Chronos"", ""TSFresh""]}"
block1,elastic_net,1374,1373,"{""alpha"": 0.25, ""corr_spec"": {""lam"": 0.98, ""mode"": ""ewma""}, ""dr_method"": ""pca"", ""global_id"": 1373, ""k1_topk"": 7000, ""lag_candidates"": [0, 1, 2, 3, 4, 5, 6], ""lambda"": 0.001, ""pca_kmax"": 30, ""pca_var_target"": 0.99, ""redundancy_param"": 0.9, ""sample_weight_decay"": 0.99, ""seed"": 42, ""target_block_set"": [""AR1"", ""Chronos"", ""TSFresh""]}"
block1,elastic_net,1375,1374,"{""alpha"": 0.25, ""corr_spec"": {""lam"": 0.98, ""mode"": ""ewma""}, ""dr_method"": ""pca"", ""global_id"": 1374, ""k1_topk"": 7000, ""lag_candidates"": [0, 1, 2, 3, 4, 5, 6], ""lambda"": 0.01, ""pca_kmax"": 30, ""pca_var_target"": 0.99, ""redundancy_param"": 0.9, ""sample_weight_decay"": 0.99, ""seed"": 42, ""target_block_set"": [""AR1"", ""Chronos"", ""TSFresh""]}"
block1,elastic_net,1376,1375,"{""alpha"": 0.25, ""corr_spec"": {""lam"": 0.98, ""mode"": ""ewma""}, ""dr_method"": ""pca"", ""global_id"": 1375, ""k1_topk"": 7000, ""lag_candidates"": [0, 1, 2, 3, 4, 5, 6], ""lambda"": 0.1, ""pca_kmax"": 30, ""pca_var_target"": 0.99, ""redundancy_param"": 0.9, ""sample_weight_decay"": 0.99, ""seed"": 42, ""target_block_set"": [""AR1"", ""Chronos"", ""TSFresh""]}"
block1,elastic_net,1377,1376,"{""alpha"": 0.25, ""corr_spec"": {""lam"": 0.98, ""mode"": ""ewma""}, ""dr_method"": ""pca"", ""global_id"": 1376, ""k1_topk"": 7000, ""lag_candidates"": [0, 1, 2, 3, 4, 5, 6], ""lambda"": 1.0, ""pca_kmax"": 30, ""pca_var_target"": 0.99, ""redundancy_param"": 0.9, ""sample_weight_decay"": 0.99, ""seed"": 42, ""target_block_set"": [""AR1"", ""Chronos"", ""TSFresh""]}"
block1,elastic_net,1378,1377,"{""alpha"": 0.25, ""corr_spec"": {""lam"": 0.98, ""mode"": ""ewma""}, ""dr_method"": ""pca"", ""global_id"": 1377, ""k1_topk"": 7000, ""lag_candidates"": [0, 1, 2, 3, 4, 5, 6], ""lambda"": 10.0, ""pca_kmax"": 30, ""pca_var_target"": 0.99, ""redundancy_param"": 0.9, ""sample_weight_decay"": 0.99, ""seed"": 42, ""target_block_set"": [""AR1"", ""Chronos"", ""TSFresh""]}"
block1,elastic_net,1379,1378,"{""alpha"": 0.25, ""corr_spec"": {""lam"": 0.98, ""mode"": ""ewma""}, ""dr_method"": ""pca"", ""global_id"": 1378, ""k1_topk"": 7000, ""lag_candidates"": [0, 1, 2, 3, 4, 5, 6], ""lambda"": 100.0, ""pca_kmax"": 30, ""pca_var_target"": 0.99, ""redundancy_param"": 0.9, ""sample_weight_decay"": 0.99, ""seed"": 42, ""target_block_set"": [""AR1"", ""Chronos"", ""TSFresh""]}"
block1,elastic_net,1380,1379,"{""alpha"": 0.5, ""corr_spec"": {""lam"": 0.98, ""mode"": ""ewma""}, ""dr_method"": ""pca"", ""global_id"": 1379, ""k1_topk"": 7000, ""lag_candidates"": [0, 1, 2, 3, 4, 5, 6], ""lambda"": 0.0001, ""pca_kmax"": 30, ""pca_var_target"": 0.99, ""redundancy_param"": 0.9, ""sample_weight_decay"": 0.99, ""seed"": 42, ""target_block_set"": [""AR1"", ""Chronos"", ""TSFresh""]}"
block1,elastic_net,1381,1380,"{""alpha"": 0.5, ""corr_spec"": {""lam"": 0.98, ""mode"": ""ewma""}, ""dr_method"": ""pca"", ""global_id"": 1380, ""k1_topk"": 7000, ""lag_candidates"": [0, 1, 2, 3, 4, 5, 6], ""lambda"": 0.001, ""pca_kmax"": 30, ""pca_var_target"": 0.99, ""redundancy_param"": 0.9, ""sample_weight_decay"": 0.99, ""seed"": 42, ""target_block_set"": [""AR1"", ""Chronos"", ""TSFresh""]}"
block1,elastic_net,1382,1381,"{""alpha"": 0.5, ""corr_spec"": {""lam"": 0.98, ""mode"": ""ewma""}, ""dr_method"": ""pca"", ""global_id"": 1381, ""k1_topk"": 7000, ""lag_candidates"": [0, 1, 2, 3, 4, 5, 6], ""lambda"": 0.01, ""pca_kmax"": 30, ""pca_var_target"": 0.99, ""redundancy_param"": 0.9, ""sample_weight_decay"": 0.99, ""seed"": 42, ""target_block_set"": [""AR1"", ""Chronos"", ""TSFresh""]}"
block1,elastic_net,1383,1382,"{""alpha"": 0.5, ""corr_spec"": {""lam"": 0.98, ""mode"": ""ewma""}, ""dr_method"": ""pca"", ""global_id"": 1382, ""k1_topk"": 7000, ""lag_candidates"": [0, 1, 2, 3, 4, 5, 6], ""lambda"": 0.1, ""pca_kmax"": 30, ""pca_var_target"": 0.99, ""redundancy_param"": 0.9, ""sample_weight_decay"": 0.99, ""seed"": 42, ""target_block_set"": [""AR1"", ""Chronos"", ""TSFresh""]}"
block1,elastic_net,1384,1383,"{""alpha"": 0.5, ""corr_spec"": {""lam"": 0.98, ""mode"": ""ewma""}, ""dr_method"": ""pca"", ""global_id"": 1383, ""k1_topk"": 7000, ""lag_candidates"": [0, 1, 2, 3, 4, 5, 6], ""lambda"": 1.0, ""pca_kmax"": 30, ""pca_var_target"": 0.99, ""redundancy_param"": 0.9, ""sample_weight_decay"": 0.99, ""seed"": 42, ""target_block_set"": [""AR1"", ""Chronos"", ""TSFresh""]}"
block1,elastic_net,1385,1384,"{""alpha"": 0.5, ""corr_spec"": {""lam"": 0.98, ""mode"": ""ewma""}, ""dr_method"": ""pca"", ""global_id"": 1384, ""k1_topk"": 7000, ""lag_candidates"": [0, 1, 2, 3, 4, 5, 6], ""lambda"": 10.0, ""pca_kmax"": 30, ""pca_var_target"": 0.99, ""redundancy_param"": 0.9, ""sample_weight_decay"": 0.99, ""seed"": 42, ""target_block_set"": [""AR1"", ""Chronos"", ""TSFresh""]}"
block1,elastic_net,1386,1385,"{""alpha"": 0.5, ""corr_spec"": {""lam"": 0.98, ""mode"": ""ewma""}, ""dr_method"": ""pca"", ""global_id"": 1385, ""k1_topk"": 7000, ""lag_candidates"": [0, 1, 2, 3, 4, 5, 6], ""lambda"": 100.0, ""pca_kmax"": 30, ""pca_var_target"": 0.99, ""redundancy_param"": 0.9, ""sample_weight_decay"": 0.99, ""seed"": 42, ""target_block_set"": [""AR1"", ""Chronos"", ""TSFresh""]}"
block1,elastic_net,1387,1386,"{""alpha"": 0.75, ""corr_spec"": {""lam"": 0.98, ""mode"": ""ewma""}, ""dr_method"": ""pca"", ""global_id"": 1386, ""k1_topk"": 7000, ""lag_candidates"": [0, 1, 2, 3, 4, 5, 6], ""lambda"": 0.0001, ""pca_kmax"": 30, ""pca_var_target"": 0.99, ""redundancy_param"": 0.9, ""sample_weight_decay"": 0.99, ""seed"": 42, ""target_block_set"": [""AR1"", ""Chronos"", ""TSFresh""]}"
block1,elastic_net,1388,1387,"{""alpha"": 0.75, ""corr_spec"": {""lam"": 0.98, ""mode"": ""ewma""}, ""dr_method"": ""pca"", ""global_id"": 1387, ""k1_topk"": 7000, ""lag_candidates"": [0, 1, 2, 3, 4, 5, 6], ""lambda"": 0.001, ""pca_kmax"": 30, ""pca_var_target"": 0.99, ""redundancy_param"": 0.9, ""sample_weight_decay"": 0.99, ""seed"": 42, ""target_block_set"": [""AR1"", ""Chronos"", ""TSFresh""]}"
block1,elastic_net,1389,1388,"{""alpha"": 0.75, ""corr_spec"": {""lam"": 0.98, ""mode"": ""ewma""}, ""dr_method"": ""pca"", ""global_id"": 1388, ""k1_topk"": 7000, ""lag_candidates"": [0, 1, 2, 3, 4, 5, 6], ""lambda"": 0.01, ""pca_kmax"": 30, ""pca_var_target"": 0.99, ""redundancy_param"": 0.9, ""sample_weight_decay"": 0.99, ""seed"": 42, ""target_block_set"": [""AR1"", ""Chronos"", ""TSFresh""]}"
block1,elastic_net,1390,1389,"{""alpha"": 0.75, ""corr_spec"": {""lam"": 0.98, ""mode"": ""ewma""}, ""dr_method"": ""pca"", ""global_id"": 1389, ""k1_topk"": 7000, ""lag_candidates"": [0, 1, 2, 3, 4, 5, 6], ""lambda"": 0.1, ""pca_kmax"": 30, ""pca_var_target"": 0.99, ""redundancy_param"": 0.9, ""sample_weight_decay"": 0.99, ""seed"": 42, ""target_block_set"": [""AR1"", ""Chronos"", ""TSFresh""]}"
block1,elastic_net,1391,1390,"{""alpha"": 0.75, ""corr_spec"": {""lam"": 0.98, ""mode"": ""ewma""}, ""dr_method"": ""pca"", ""global_id"": 1390, ""k1_topk"": 7000, ""lag_candidates"": [0, 1, 2, 3, 4, 5, 6], ""lambda"": 1.0, ""pca_kmax"": 30, ""pca_var_target"": 0.99, ""redundancy_param"": 0.9, ""sample_weight_decay"": 0.99, ""seed"": 42, ""target_block_set"": [""AR1"", ""Chronos"", ""TSFresh""]}"
block1,elastic_net,1392,1391,"{""alpha"": 0.75, ""corr_spec"": {""lam"": 0.98, ""mode"": ""ewma""}, ""dr_method"": ""pca"", ""global_id"": 1391, ""k1_topk"": 7000, ""lag_candidates"": [0, 1, 2, 3, 4, 5, 6], ""lambda"": 10.0, ""pca_kmax"": 30, ""pca_var_target"": 0.99, ""redundancy_param"": 0.9, ""sample_weight_decay"": 0.99, ""seed"": 42, ""target_block_set"": [""AR1"", ""Chronos"", ""TSFresh""]}"
block1,elastic_net,1393,1392,"{""alpha"": 0.75, ""corr_spec"": {""lam"": 0.98, ""mode"": ""ewma""}, ""dr_method"": ""pca"", ""global_id"": 1392, ""k1_topk"": 7000, ""lag_candidates"": [0, 1, 2, 3, 4, 5, 6], ""lambda"": 100.0, ""pca_kmax"": 30, ""pca_var_target"": 0.99, ""redundancy_param"": 0.9, ""sample_weight_decay"": 0.99, ""seed"": 42, ""target_block_set"": [""AR1"", ""Chronos"", ""TSFresh""]}"
block1,elastic_net,1394,1393,"{""alpha"": 1.0, ""corr_spec"": {""lam"": 0.98, ""mode"": ""ewma""}, ""dr_method"": ""pca"", ""global_id"": 1393, ""k1_topk"": 7000, ""lag_candidates"": [0, 1, 2, 3, 4, 5, 6], ""lambda"": 0.0001, ""pca_kmax"": 30, ""pca_var_target"": 0.99, ""redundancy_param"": 0.9, ""sample_weight_decay"": 0.99, ""seed"": 42, ""target_block_set"": [""AR1"", ""Chronos"", ""TSFresh""]}"
block1,elastic_net,1395,1394,"{""alpha"": 1.0, ""corr_spec"": {""lam"": 0.98, ""mode"": ""ewma""}, ""dr_method"": ""pca"", ""global_id"": 1394, ""k1_topk"": 7000, ""lag_candidates"": [0, 1, 2, 3, 4, 5, 6], ""lambda"": 0.001, ""pca_kmax"": 30, ""pca_var_target"": 0.99, ""redundancy_param"": 0.9, ""sample_weight_decay"": 0.99, ""seed"": 42, ""target_block_set"": [""AR1"", ""Chronos"", ""TSFresh""]}"
block1,elastic_net,1396,1395,"{""alpha"": 1.0, ""corr_spec"": {""lam"": 0.98, ""mode"": ""ewma""}, ""dr_method"": ""pca"", ""global_id"": 1395, ""k1_topk"": 7000, ""lag_candidates"": [0, 1, 2, 3, 4, 5, 6], ""lambda"": 0.01, ""pca_kmax"": 30, ""pca_var_target"": 0.99, ""redundancy_param"": 0.9, ""sample_weight_decay"": 0.99, ""seed"": 42, ""target_block_set"": [""AR1"", ""Chronos"", ""TSFresh""]}"
block1,elastic_net,1397,1396,"{""alpha"": 1.0, ""corr_spec"": {""lam"": 0.98, ""mode"": ""ewma""}, ""dr_method"": ""pca"", ""global_id"": 1396, ""k1_topk"": 7000, ""lag_candidates"": [0, 1, 2, 3, 4, 5, 6], ""lambda"": 0.1, ""pca_kmax"": 30, ""pca_var_target"": 0.99, ""redundancy_param"": 0.9, ""sample_weight_decay"": 0.99, ""seed"": 42, ""target_block_set"": [""AR1"", ""Chronos"", ""TSFresh""]}"
block1,elastic_net,1398,1397,"{""alpha"": 1.0, ""corr_spec"": {""lam"": 0.98, ""mode"": ""ewma""}, ""dr_method"": ""pca"", ""global_id"": 1397, ""k1_topk"": 7000, ""lag_candidates"": [0, 1, 2, 3, 4, 5, 6], ""lambda"": 1.0, ""pca_kmax"": 30, ""pca_var_target"": 0.99, ""redundancy_param"": 0.9, ""sample_weight_decay"": 0.99, ""seed"": 42, ""target_block_set"": [""AR1"", ""Chronos"", ""TSFresh""]}"
block1,elastic_net,1399,1398,"{""alpha"": 1.0, ""corr_spec"": {""lam"": 0.98, ""mode"": ""ewma""}, ""dr_method"": ""pca"", ""global_id"": 1398, ""k1_topk"": 7000, ""lag_candidates"": [0, 1, 2, 3, 4, 5, 6], ""lambda"": 10.0, ""pca_kmax"": 30, ""pca_var_target"": 0.99, ""redundancy_param"": 0.9, ""sample_weight_decay"": 0.99, ""seed"": 42, ""target_block_set"": [""AR1"", ""Chronos"", ""TSFresh""]}"
block1,elastic_net,1400,1399,"{""alpha"": 1.0, ""corr_spec"": {""lam"": 0.98, ""mode"": ""ewma""}, ""dr_method"": ""pca"", ""global_id"": 1399, ""k1_topk"": 7000, ""lag_candidates"": [0, 1, 2, 3, 4, 5, 6], ""lambda"": 100.0, ""pca_kmax"": 30, ""pca_var_target"": 0.99, ""redundancy_param"": 0.9, ""sample_weight_decay"": 0.99, ""seed"": 42, ""target_block_set"": [""AR1"", ""Chronos"", ""TSFresh""]}"
block1,elastic_net,1401,1400,"{""alpha"": 0.0, ""corr_spec"": {""lam"": 0.98, ""mode"": ""ewma""}, ""dr_method"": ""pls"", ""global_id"": 1400, ""k1_topk"": 7000, ""lag_candidates"": [0, 1, 2, 3, 4, 5, 6], ""lambda"": 0.0001, ""pls_components"": 30, ""redundancy_param"": 0.9, ""sample_weight_decay"": null, ""seed"": 42, ""target_block_set"": [""AR1"", ""Chronos"", ""TSFresh""]}"
block1,elastic_net,1402,1401,"{""alpha"": 0.0, ""corr_spec"": {""lam"": 0.98, ""mode"": ""ewma""}, ""dr_method"": ""pls"", ""global_id"": 1401, ""k1_topk"": 7000, ""lag_candidates"": [0, 1, 2, 3, 4, 5, 6], ""lambda"": 0.001, ""pls_components"": 30, ""redundancy_param"": 0.9, ""sample_weight_decay"": null, ""seed"": 42, ""target_block_set"": [""AR1"", ""Chronos"", ""TSFresh""]}"
block1,elastic_net,1403,1402,"{""alpha"": 0.0, ""corr_spec"": {""lam"": 0.98, ""mode"": ""ewma""}, ""dr_method"": ""pls"", ""global_id"": 1402, ""k1_topk"": 7000, ""lag_candidates"": [0, 1, 2, 3, 4, 5, 6], ""lambda"": 0.01, ""pls_components"": 30, ""redundancy_param"": 0.9, ""sample_weight_decay"": null, ""seed"": 42, ""target_block_set"": [""AR1"", ""Chronos"", ""TSFresh""]}"
block1,elastic_net,1404,1403,"{""alpha"": 0.0, ""corr_spec"": {""lam"": 0.98, ""mode"": ""ewma""}, ""dr_method"": ""pls"", ""global_id"": 1403, ""k1_topk"": 7000, ""lag_candidates"": [0, 1, 2, 3, 4, 5, 6], ""lambda"": 0.1, ""pls_components"": 30, ""redundancy_param"": 0.9, ""sample_weight_decay"": null, ""seed"": 42, ""target_block_set"": [""AR1"", ""Chronos"", ""TSFresh""]}"
block1,elastic_net,1405,1404,"{""alpha"": 0.0, ""corr_spec"": {""lam"": 0.98, ""mode"": ""ewma""}, ""dr_method"": ""pls"", ""global_id"": 1404, ""k1_topk"": 7000, ""lag_candidates"": [0, 1, 2, 3, 4, 5, 6], ""lambda"": 1.0, ""pls_components"": 30, ""redundancy_param"": 0.9, ""sample_weight_decay"": null, ""seed"": 42, ""target_block_set"": [""AR1"", ""Chronos"", ""TSFresh""]}"
block1,elastic_net,1406,1405,"{""alpha"": 0.0, ""corr_spec"": {""lam"": 0.98, ""mode"": ""ewma""}, ""dr_method"": ""pls"", ""global_id"": 1405, ""k1_topk"": 7000, ""lag_candidates"": [0, 1, 2, 3, 4, 5, 6], ""lambda"": 10.0, ""pls_components"": 30, ""redundancy_param"": 0.9, ""sample_weight_decay"": null, ""seed"": 42, ""target_block_set"": [""AR1"", ""Chronos"", ""TSFresh""]}"
block1,elastic_net,1407,1406,"{""alpha"": 0.0, ""corr_spec"": {""lam"": 0.98, ""mode"": ""ewma""}, ""dr_method"": ""pls"", ""global_id"": 1406, ""k1_topk"": 7000, ""lag_candidates"": [0, 1, 2, 3, 4, 5, 6], ""lambda"": 100.0, ""pls_components"": 30, ""redundancy_param"": 0.9, ""sample_weight_decay"": null, ""seed"": 42, ""target_block_set"": [""AR1"", ""Chronos"", ""TSFresh""]}"
block1,elastic_net,1408,1407,"{""alpha"": 0.25, ""corr_spec"": {""lam"": 0.98, ""mode"": ""ewma""}, ""dr_method"": ""pls"", ""global_id"": 1407, ""k1_topk"": 7000, ""lag_candidates"": [0, 1, 2, 3, 4, 5, 6], ""lambda"": 0.0001, ""pls_components"": 30, ""redundancy_param"": 0.9, ""sample_weight_decay"": null, ""seed"": 42, ""target_block_set"": [""AR1"", ""Chronos"", ""TSFresh""]}"
block1,elastic_net,1409,1408,"{""alpha"": 0.25, ""corr_spec"": {""lam"": 0.98, ""mode"": ""ewma""}, ""dr_method"": ""pls"", ""global_id"": 1408, ""k1_topk"": 7000, ""lag_candidates"": [0, 1, 2, 3, 4, 5, 6], ""lambda"": 0.001, ""pls_components"": 30, ""redundancy_param"": 0.9, ""sample_weight_decay"": null, ""seed"": 42, ""target_block_set"": [""AR1"", ""Chronos"", ""TSFresh""]}"
block1,elastic_net,1410,1409,"{""alpha"": 0.25, ""corr_spec"": {""lam"": 0.98, ""mode"": ""ewma""}, ""dr_method"": ""pls"", ""global_id"": 1409, ""k1_topk"": 7000, ""lag_candidates"": [0, 1, 2, 3, 4, 5, 6], ""lambda"": 0.01, ""pls_components"": 30, ""redundancy_param"": 0.9, ""sample_weight_decay"": null, ""seed"": 42, ""target_block_set"": [""AR1"", ""Chronos"", ""TSFresh""]}"
block1,elastic_net,1411,1410,"{""alpha"": 0.25, ""corr_spec"": {""lam"": 0.98, ""mode"": ""ewma""}, ""dr_method"": ""pls"", ""global_id"": 1410, ""k1_topk"": 7000, ""lag_candidates"": [0, 1, 2, 3, 4, 5, 6], ""lambda"": 0.1, ""pls_components"": 30, ""redundancy_param"": 0.9, ""sample_weight_decay"": null, ""seed"": 42, ""target_block_set"": [""AR1"", ""Chronos"", ""TSFresh""]}"
block1,elastic_net,1412,1411,"{""alpha"": 0.25, ""corr_spec"": {""lam"": 0.98, ""mode"": ""ewma""}, ""dr_method"": ""pls"", ""global_id"": 1411, ""k1_topk"": 7000, ""lag_candidates"": [0, 1, 2, 3, 4, 5, 6], ""lambda"": 1.0, ""pls_components"": 30, ""redundancy_param"": 0.9, ""sample_weight_decay"": null, ""seed"": 42, ""target_block_set"": [""AR1"", ""Chronos"", ""TSFresh""]}"
block1,elastic_net,1413,1412,"{""alpha"": 0.25, ""corr_spec"": {""lam"": 0.98, ""mode"": ""ewma""}, ""dr_method"": ""pls"", ""global_id"": 1412, ""k1_topk"": 7000, ""lag_candidates"": [0, 1, 2, 3, 4, 5, 6], ""lambda"": 10.0, ""pls_components"": 30, ""redundancy_param"": 0.9, ""sample_weight_decay"": null, ""seed"": 42, ""target_block_set"": [""AR1"", ""Chronos"", ""TSFresh""]}"
block1,elastic_net,1414,1413,"{""alpha"": 0.25, ""corr_spec"": {""lam"": 0.98, ""mode"": ""ewma""}, ""dr_method"": ""pls"", ""global_id"": 1413, ""k1_topk"": 7000, ""lag_candidates"": [0, 1, 2, 3, 4, 5, 6], ""lambda"": 100.0, ""pls_components"": 30, ""redundancy_param"": 0.9, ""sample_weight_decay"": null, ""seed"": 42, ""target_block_set"": [""AR1"", ""Chronos"", ""TSFresh""]}"
block1,elastic_net,1415,1414,"{""alpha"": 0.5, ""corr_spec"": {""lam"": 0.98, ""mode"": ""ewma""}, ""dr_method"": ""pls"", ""global_id"": 1414, ""k1_topk"": 7000, ""lag_candidates"": [0, 1, 2, 3, 4, 5, 6], ""lambda"": 0.0001, ""pls_components"": 30, ""redundancy_param"": 0.9, ""sample_weight_decay"": null, ""seed"": 42, ""target_block_set"": [""AR1"", ""Chronos"", ""TSFresh""]}"
block1,elastic_net,1416,1415,"{""alpha"": 0.5, ""corr_spec"": {""lam"": 0.98, ""mode"": ""ewma""}, ""dr_method"": ""pls"", ""global_id"": 1415, ""k1_topk"": 7000, ""lag_candidates"": [0, 1, 2, 3, 4, 5, 6], ""lambda"": 0.001, ""pls_components"": 30, ""redundancy_param"": 0.9, ""sample_weight_decay"": null, ""seed"": 42, ""target_block_set"": [""AR1"", ""Chronos"", ""TSFresh""]}"
block1,elastic_net,1417,1416,"{""alpha"": 0.5, ""corr_spec"": {""lam"": 0.98, ""mode"": ""ewma""}, ""dr_method"": ""pls"", ""global_id"": 1416, ""k1_topk"": 7000, ""lag_candidates"": [0, 1, 2, 3, 4, 5, 6], ""lambda"": 0.01, ""pls_components"": 30, ""redundancy_param"": 0.9, ""sample_weight_decay"": null, ""seed"": 42, ""target_block_set"": [""AR1"", ""Chronos"", ""TSFresh""]}"
block1,elastic_net,1418,1417,"{""alpha"": 0.5, ""corr_spec"": {""lam"": 0.98, ""mode"": ""ewma""}, ""dr_method"": ""pls"", ""global_id"": 1417, ""k1_topk"": 7000, ""lag_candidates"": [0, 1, 2, 3, 4, 5, 6], ""lambda"": 0.1, ""pls_components"": 30, ""redundancy_param"": 0.9, ""sample_weight_decay"": null, ""seed"": 42, ""target_block_set"": [""AR1"", ""Chronos"", ""TSFresh""]}"
block1,elastic_net,1419,1418,"{""alpha"": 0.5, ""corr_spec"": {""lam"": 0.98, ""mode"": ""ewma""}, ""dr_method"": ""pls"", ""global_id"": 1418, ""k1_topk"": 7000, ""lag_candidates"": [0, 1, 2, 3, 4, 5, 6], ""lambda"": 1.0, ""pls_components"": 30, ""redundancy_param"": 0.9, ""sample_weight_decay"": null, ""seed"": 42, ""target_block_set"": [""AR1"", ""Chronos"", ""TSFresh""]}"
block1,elastic_net,1420,1419,"{""alpha"": 0.5, ""corr_spec"": {""lam"": 0.98, ""mode"": ""ewma""}, ""dr_method"": ""pls"", ""global_id"": 1419, ""k1_topk"": 7000, ""lag_candidates"": [0, 1, 2, 3, 4, 5, 6], ""lambda"": 10.0, ""pls_components"": 30, ""redundancy_param"": 0.9, ""sample_weight_decay"": null, ""seed"": 42, ""target_block_set"": [""AR1"", ""Chronos"", ""TSFresh""]}"
block1,elastic_net,1421,1420,"{""alpha"": 0.5, ""corr_spec"": {""lam"": 0.98, ""mode"": ""ewma""}, ""dr_method"": ""pls"", ""global_id"": 1420, ""k1_topk"": 7000, ""lag_candidates"": [0, 1, 2, 3, 4, 5, 6], ""lambda"": 100.0, ""pls_components"": 30, ""redundancy_param"": 0.9, ""sample_weight_decay"": null, ""seed"": 42, ""target_block_set"": [""AR1"", ""Chronos"", ""TSFresh""]}"
block1,elastic_net,1422,1421,"{""alpha"": 0.75, ""corr_spec"": {""lam"": 0.98, ""mode"": ""ewma""}, ""dr_method"": ""pls"", ""global_id"": 1421, ""k1_topk"": 7000, ""lag_candidates"": [0, 1, 2, 3, 4, 5, 6], ""lambda"": 0.0001, ""pls_components"": 30, ""redundancy_param"": 0.9, ""sample_weight_decay"": null, ""seed"": 42, ""target_block_set"": [""AR1"", ""Chronos"", ""TSFresh""]}"
block1,elastic_net,1423,1422,"{""alpha"": 0.75, ""corr_spec"": {""lam"": 0.98, ""mode"": ""ewma""}, ""dr_method"": ""pls"", ""global_id"": 1422, ""k1_topk"": 7000, ""lag_candidates"": [0, 1, 2, 3, 4, 5, 6], ""lambda"": 0.001, ""pls_components"": 30, ""redundancy_param"": 0.9, ""sample_weight_decay"": null, ""seed"": 42, ""target_block_set"": [""AR1"", ""Chronos"", ""TSFresh""]}"
block1,elastic_net,1424,1423,"{""alpha"": 0.75, ""corr_spec"": {""lam"": 0.98, ""mode"": ""ewma""}, ""dr_method"": ""pls"", ""global_id"": 1423, ""k1_topk"": 7000, ""lag_candidates"": [0, 1, 2, 3, 4, 5, 6], ""lambda"": 0.01, ""pls_components"": 30, ""redundancy_param"": 0.9, ""sample_weight_decay"": null, ""seed"": 42, ""target_block_set"": [""AR1"", ""Chronos"", ""TSFresh""]}"
block1,elastic_net,1425,1424,"{""alpha"": 0.75, ""corr_spec"": {""lam"": 0.98, ""mode"": ""ewma""}, ""dr_method"": ""pls"", ""global_id"": 1424, ""k1_topk"": 7000, ""lag_candidates"": [0, 1, 2, 3, 4, 5, 6], ""lambda"": 0.1, ""pls_components"": 30, ""redundancy_param"": 0.9, ""sample_weight_decay"": null, ""seed"": 42, ""target_block_set"": [""AR1"", ""Chronos"", ""TSFresh""]}"
block1,elastic_net,1426,1425,"{""alpha"": 0.75, ""corr_spec"": {""lam"": 0.98, ""mode"": ""ewma""}, ""dr_method"": ""pls"", ""global_id"": 1425, ""k1_topk"": 7000, ""lag_candidates"": [0, 1, 2, 3, 4, 5, 6], ""lambda"": 1.0, ""pls_components"": 30, ""redundancy_param"": 0.9, ""sample_weight_decay"": null, ""seed"": 42, ""target_block_set"": [""AR1"", ""Chronos"", ""TSFresh""]}"
block1,elastic_net,1427,1426,"{""alpha"": 0.75, ""corr_spec"": {""lam"": 0.98, ""mode"": ""ewma""}, ""dr_method"": ""pls"", ""global_id"": 1426, ""k1_topk"": 7000, ""lag_candidates"": [0, 1, 2, 3, 4, 5, 6], ""lambda"": 10.0, ""pls_components"": 30, ""redundancy_param"": 0.9, ""sample_weight_decay"": null, ""seed"": 42, ""target_block_set"": [""AR1"", ""Chronos"", ""TSFresh""]}"
block1,elastic_net,1428,1427,"{""alpha"": 0.75, ""corr_spec"": {""lam"": 0.98, ""mode"": ""ewma""}, ""dr_method"": ""pls"", ""global_id"": 1427, ""k1_topk"": 7000, ""lag_candidates"": [0, 1, 2, 3, 4, 5, 6], ""lambda"": 100.0, ""pls_components"": 30, ""redundancy_param"": 0.9, ""sample_weight_decay"": null, ""seed"": 42, ""target_block_set"": [""AR1"", ""Chronos"", ""TSFresh""]}"
block1,elastic_net,1429,1428,"{""alpha"": 1.0, ""corr_spec"": {""lam"": 0.98, ""mode"": ""ewma""}, ""dr_method"": ""pls"", ""global_id"": 1428, ""k1_topk"": 7000, ""lag_candidates"": [0, 1, 2, 3, 4, 5, 6], ""lambda"": 0.0001, ""pls_components"": 30, ""redundancy_param"": 0.9, ""sample_weight_decay"": null, ""seed"": 42, ""target_block_set"": [""AR1"", ""Chronos"", ""TSFresh""]}"
block1,elastic_net,1430,1429,"{""alpha"": 1.0, ""corr_spec"": {""lam"": 0.98, ""mode"": ""ewma""}, ""dr_method"": ""pls"", ""global_id"": 1429, ""k1_topk"": 7000, ""lag_candidates"": [0, 1, 2, 3, 4, 5, 6], ""lambda"": 0.001, ""pls_components"": 30, ""redundancy_param"": 0.9, ""sample_weight_decay"": null, ""seed"": 42, ""target_block_set"": [""AR1"", ""Chronos"", ""TSFresh""]}"
block1,elastic_net,1431,1430,"{""alpha"": 1.0, ""corr_spec"": {""lam"": 0.98, ""mode"": ""ewma""}, ""dr_method"": ""pls"", ""global_id"": 1430, ""k1_topk"": 7000, ""lag_candidates"": [0, 1, 2, 3, 4, 5, 6], ""lambda"": 0.01, ""pls_components"": 30, ""redundancy_param"": 0.9, ""sample_weight_decay"": null, ""seed"": 42, ""target_block_set"": [""AR1"", ""Chronos"", ""TSFresh""]}"
block1,elastic_net,1432,1431,"{""alpha"": 1.0, ""corr_spec"": {""lam"": 0.98, ""mode"": ""ewma""}, ""dr_method"": ""pls"", ""global_id"": 1431, ""k1_topk"": 7000, ""lag_candidates"": [0, 1, 2, 3, 4, 5, 6], ""lambda"": 0.1, ""pls_components"": 30, ""redundancy_param"": 0.9, ""sample_weight_decay"": null, ""seed"": 42, ""target_block_set"": [""AR1"", ""Chronos"", ""TSFresh""]}"
block1,elastic_net,1433,1432,"{""alpha"": 1.0, ""corr_spec"": {""lam"": 0.98, ""mode"": ""ewma""}, ""dr_method"": ""pls"", ""global_id"": 1432, ""k1_topk"": 7000, ""lag_candidates"": [0, 1, 2, 3, 4, 5, 6], ""lambda"": 1.0, ""pls_components"": 30, ""redundancy_param"": 0.9, ""sample_weight_decay"": null, ""seed"": 42, ""target_block_set"": [""AR1"", ""Chronos"", ""TSFresh""]}"
block1,elastic_net,1434,1433,"{""alpha"": 1.0, ""corr_spec"": {""lam"": 0.98, ""mode"": ""ewma""}, ""dr_method"": ""pls"", ""global_id"": 1433, ""k1_topk"": 7000, ""lag_candidates"": [0, 1, 2, 3, 4, 5, 6], ""lambda"": 10.0, ""pls_components"": 30, ""redundancy_param"": 0.9, ""sample_weight_decay"": null, ""seed"": 42, ""target_block_set"": [""AR1"", ""Chronos"", ""TSFresh""]}"
block1,elastic_net,1435,1434,"{""alpha"": 1.0, ""corr_spec"": {""lam"": 0.98, ""mode"": ""ewma""}, ""dr_method"": ""pls"", ""global_id"": 1434, ""k1_topk"": 7000, ""lag_candidates"": [0, 1, 2, 3, 4, 5, 6], ""lambda"": 100.0, ""pls_components"": 30, ""redundancy_param"": 0.9, ""sample_weight_decay"": null, ""seed"": 42, ""target_block_set"": [""AR1"", ""Chronos"", ""TSFresh""]}"
block1,elastic_net,1436,1435,"{""alpha"": 0.0, ""corr_spec"": {""lam"": 0.98, ""mode"": ""ewma""}, ""dr_method"": ""pls"", ""global_id"": 1435, ""k1_topk"": 7000, ""lag_candidates"": [0, 1, 2, 3, 4, 5, 6], ""lambda"": 0.0001, ""pls_components"": 30, ""redundancy_param"": 0.9, ""sample_weight_decay"": 0.99, ""seed"": 42, ""target_block_set"": [""AR1"", ""Chronos"", ""TSFresh""]}"
block1,elastic_net,1437,1436,"{""alpha"": 0.0, ""corr_spec"": {""lam"": 0.98, ""mode"": ""ewma""}, ""dr_method"": ""pls"", ""global_id"": 1436, ""k1_topk"": 7000, ""lag_candidates"": [0, 1, 2, 3, 4, 5, 6], ""lambda"": 0.001, ""pls_components"": 30, ""redundancy_param"": 0.9, ""sample_weight_decay"": 0.99, ""seed"": 42, ""target_block_set"": [""AR1"", ""Chronos"", ""TSFresh""]}"
block1,elastic_net,1438,1437,"{""alpha"": 0.0, ""corr_spec"": {""lam"": 0.98, ""mode"": ""ewma""}, ""dr_method"": ""pls"", ""global_id"": 1437, ""k1_topk"": 7000, ""lag_candidates"": [0, 1, 2, 3, 4, 5, 6], ""lambda"": 0.01, ""pls_components"": 30, ""redundancy_param"": 0.9, ""sample_weight_decay"": 0.99, ""seed"": 42, ""target_block_set"": [""AR1"", ""Chronos"", ""TSFresh""]}"
block1,elastic_net,1439,1438,"{""alpha"": 0.0, ""corr_spec"": {""lam"": 0.98, ""mode"": ""ewma""}, ""dr_method"": ""pls"", ""global_id"": 1438, ""k1_topk"": 7000, ""lag_candidates"": [0, 1, 2, 3, 4, 5, 6], ""lambda"": 0.1, ""pls_components"": 30, ""redundancy_param"": 0.9, ""sample_weight_decay"": 0.99, ""seed"": 42, ""target_block_set"": [""AR1"", ""Chronos"", ""TSFresh""]}"
block1,elastic_net,1440,1439,"{""alpha"": 0.0, ""corr_spec"": {""lam"": 0.98, ""mode"": ""ewma""}, ""dr_method"": ""pls"", ""global_id"": 1439, ""k1_topk"": 7000, ""lag_candidates"": [0, 1, 2, 3, 4, 5, 6], ""lambda"": 1.0, ""pls_components"": 30, ""redundancy_param"": 0.9, ""sample_weight_decay"": 0.99, ""seed"": 42, ""target_block_set"": [""AR1"", ""Chronos"", ""TSFresh""]}"
block1,elastic_net,1441,1440,"{""alpha"": 0.0, ""corr_spec"": {""lam"": 0.98, ""mode"": ""ewma""}, ""dr_method"": ""pls"", ""global_id"": 1440, ""k1_topk"": 7000, ""lag_candidates"": [0, 1, 2, 3, 4, 5, 6], ""lambda"": 10.0, ""pls_components"": 30, ""redundancy_param"": 0.9, ""sample_weight_decay"": 0.99, ""seed"": 42, ""target_block_set"": [""AR1"", ""Chronos"", ""TSFresh""]}"
block1,elastic_net,1442,1441,"{""alpha"": 0.0, ""corr_spec"": {""lam"": 0.98, ""mode"": ""ewma""}, ""dr_method"": ""pls"", ""global_id"": 1441, ""k1_topk"": 7000, ""lag_candidates"": [0, 1, 2, 3, 4, 5, 6], ""lambda"": 100.0, ""pls_components"": 30, ""redundancy_param"": 0.9, ""sample_weight_decay"": 0.99, ""seed"": 42, ""target_block_set"": [""AR1"", ""Chronos"", ""TSFresh""]}"
block1,elastic_net,1443,1442,"{""alpha"": 0.25, ""corr_spec"": {""lam"": 0.98, ""mode"": ""ewma""}, ""dr_method"": ""pls"", ""global_id"": 1442, ""k1_topk"": 7000, ""lag_candidates"": [0, 1, 2, 3, 4, 5, 6], ""lambda"": 0.0001, ""pls_components"": 30, ""redundancy_param"": 0.9, ""sample_weight_decay"": 0.99, ""seed"": 42, ""target_block_set"": [""AR1"", ""Chronos"", ""TSFresh""]}"
block1,elastic_net,1444,1443,"{""alpha"": 0.25, ""corr_spec"": {""lam"": 0.98, ""mode"": ""ewma""}, ""dr_method"": ""pls"", ""global_id"": 1443, ""k1_topk"": 7000, ""lag_candidates"": [0, 1, 2, 3, 4, 5, 6], ""lambda"": 0.001, ""pls_components"": 30, ""redundancy_param"": 0.9, ""sample_weight_decay"": 0.99, ""seed"": 42, ""target_block_set"": [""AR1"", ""Chronos"", ""TSFresh""]}"
block1,elastic_net,1445,1444,"{""alpha"": 0.25, ""corr_spec"": {""lam"": 0.98, ""mode"": ""ewma""}, ""dr_method"": ""pls"", ""global_id"": 1444, ""k1_topk"": 7000, ""lag_candidates"": [0, 1, 2, 3, 4, 5, 6], ""lambda"": 0.01, ""pls_components"": 30, ""redundancy_param"": 0.9, ""sample_weight_decay"": 0.99, ""seed"": 42, ""target_block_set"": [""AR1"", ""Chronos"", ""TSFresh""]}"
block1,elastic_net,1446,1445,"{""alpha"": 0.25, ""corr_spec"": {""lam"": 0.98, ""mode"": ""ewma""}, ""dr_method"": ""pls"", ""global_id"": 1445, ""k1_topk"": 7000, ""lag_candidates"": [0, 1, 2, 3, 4, 5, 6], ""lambda"": 0.1, ""pls_components"": 30, ""redundancy_param"": 0.9, ""sample_weight_decay"": 0.99, ""seed"": 42, ""target_block_set"": [""AR1"", ""Chronos"", ""TSFresh""]}"
block1,elastic_net,1447,1446,"{""alpha"": 0.25, ""corr_spec"": {""lam"": 0.98, ""mode"": ""ewma""}, ""dr_method"": ""pls"", ""global_id"": 1446, ""k1_topk"": 7000, ""lag_candidates"": [0, 1, 2, 3, 4, 5, 6], ""lambda"": 1.0, ""pls_components"": 30, ""redundancy_param"": 0.9, ""sample_weight_decay"": 0.99, ""seed"": 42, ""target_block_set"": [""AR1"", ""Chronos"", ""TSFresh""]}"
block1,elastic_net,1448,1447,"{""alpha"": 0.25, ""corr_spec"": {""lam"": 0.98, ""mode"": ""ewma""}, ""dr_method"": ""pls"", ""global_id"": 1447, ""k1_topk"": 7000, ""lag_candidates"": [0, 1, 2, 3, 4, 5, 6], ""lambda"": 10.0, ""pls_components"": 30, ""redundancy_param"": 0.9, ""sample_weight_decay"": 0.99, ""seed"": 42, ""target_block_set"": [""AR1"", ""Chronos"", ""TSFresh""]}"
block1,elastic_net,1449,1448,"{""alpha"": 0.25, ""corr_spec"": {""lam"": 0.98, ""mode"": ""ewma""}, ""dr_method"": ""pls"", ""global_id"": 1448, ""k1_topk"": 7000, ""lag_candidates"": [0, 1, 2, 3, 4, 5, 6], ""lambda"": 100.0, ""pls_components"": 30, ""redundancy_param"": 0.9, ""sample_weight_decay"": 0.99, ""seed"": 42, ""target_block_set"": [""AR1"", ""Chronos"", ""TSFresh""]}"
block1,elastic_net,1450,1449,"{""alpha"": 0.5, ""corr_spec"": {""lam"": 0.98, ""mode"": ""ewma""}, ""dr_method"": ""pls"", ""global_id"": 1449, ""k1_topk"": 7000, ""lag_candidates"": [0, 1, 2, 3, 4, 5, 6], ""lambda"": 0.0001, ""pls_components"": 30, ""redundancy_param"": 0.9, ""sample_weight_decay"": 0.99, ""seed"": 42, ""target_block_set"": [""AR1"", ""Chronos"", ""TSFresh""]}"
block1,elastic_net,1451,1450,"{""alpha"": 0.5, ""corr_spec"": {""lam"": 0.98, ""mode"": ""ewma""}, ""dr_method"": ""pls"", ""global_id"": 1450, ""k1_topk"": 7000, ""lag_candidates"": [0, 1, 2, 3, 4, 5, 6], ""lambda"": 0.001, ""pls_components"": 30, ""redundancy_param"": 0.9, ""sample_weight_decay"": 0.99, ""seed"": 42, ""target_block_set"": [""AR1"", ""Chronos"", ""TSFresh""]}"
block1,elastic_net,1452,1451,"{""alpha"": 0.5, ""corr_spec"": {""lam"": 0.98, ""mode"": ""ewma""}, ""dr_method"": ""pls"", ""global_id"": 1451, ""k1_topk"": 7000, ""lag_candidates"": [0, 1, 2, 3, 4, 5, 6], ""lambda"": 0.01, ""pls_components"": 30, ""redundancy_param"": 0.9, ""sample_weight_decay"": 0.99, ""seed"": 42, ""target_block_set"": [""AR1"", ""Chronos"", ""TSFresh""]}"
block1,elastic_net,1453,1452,"{""alpha"": 0.5, ""corr_spec"": {""lam"": 0.98, ""mode"": ""ewma""}, ""dr_method"": ""pls"", ""global_id"": 1452, ""k1_topk"": 7000, ""lag_candidates"": [0, 1, 2, 3, 4, 5, 6], ""lambda"": 0.1, ""pls_components"": 30, ""redundancy_param"": 0.9, ""sample_weight_decay"": 0.99, ""seed"": 42, ""target_block_set"": [""AR1"", ""Chronos"", ""TSFresh""]}"
block1,elastic_net,1454,1453,"{""alpha"": 0.5, ""corr_spec"": {""lam"": 0.98, ""mode"": ""ewma""}, ""dr_method"": ""pls"", ""global_id"": 1453, ""k1_topk"": 7000, ""lag_candidates"": [0, 1, 2, 3, 4, 5, 6], ""lambda"": 1.0, ""pls_components"": 30, ""redundancy_param"": 0.9, ""sample_weight_decay"": 0.99, ""seed"": 42, ""target_block_set"": [""AR1"", ""Chronos"", ""TSFresh""]}"
block1,elastic_net,1455,1454,"{""alpha"": 0.5, ""corr_spec"": {""lam"": 0.98, ""mode"": ""ewma""}, ""dr_method"": ""pls"", ""global_id"": 1454, ""k1_topk"": 7000, ""lag_candidates"": [0, 1, 2, 3, 4, 5, 6], ""lambda"": 10.0, ""pls_components"": 30, ""redundancy_param"": 0.9, ""sample_weight_decay"": 0.99, ""seed"": 42, ""target_block_set"": [""AR1"", ""Chronos"", ""TSFresh""]}"
block1,elastic_net,1456,1455,"{""alpha"": 0.5, ""corr_spec"": {""lam"": 0.98, ""mode"": ""ewma""}, ""dr_method"": ""pls"", ""global_id"": 1455, ""k1_topk"": 7000, ""lag_candidates"": [0, 1, 2, 3, 4, 5, 6], ""lambda"": 100.0, ""pls_components"": 30, ""redundancy_param"": 0.9, ""sample_weight_decay"": 0.99, ""seed"": 42, ""target_block_set"": [""AR1"", ""Chronos"", ""TSFresh""]}"
block1,elastic_net,1457,1456,"{""alpha"": 0.75, ""corr_spec"": {""lam"": 0.98, ""mode"": ""ewma""}, ""dr_method"": ""pls"", ""global_id"": 1456, ""k1_topk"": 7000, ""lag_candidates"": [0, 1, 2, 3, 4, 5, 6], ""lambda"": 0.0001, ""pls_components"": 30, ""redundancy_param"": 0.9, ""sample_weight_decay"": 0.99, ""seed"": 42, ""target_block_set"": [""AR1"", ""Chronos"", ""TSFresh""]}"
block1,elastic_net,1458,1457,"{""alpha"": 0.75, ""corr_spec"": {""lam"": 0.98, ""mode"": ""ewma""}, ""dr_method"": ""pls"", ""global_id"": 1457, ""k1_topk"": 7000, ""lag_candidates"": [0, 1, 2, 3, 4, 5, 6], ""lambda"": 0.001, ""pls_components"": 30, ""redundancy_param"": 0.9, ""sample_weight_decay"": 0.99, ""seed"": 42, ""target_block_set"": [""AR1"", ""Chronos"", ""TSFresh""]}"
block1,elastic_net,1459,1458,"{""alpha"": 0.75, ""corr_spec"": {""lam"": 0.98, ""mode"": ""ewma""}, ""dr_method"": ""pls"", ""global_id"": 1458, ""k1_topk"": 7000, ""lag_candidates"": [0, 1, 2, 3, 4, 5, 6], ""lambda"": 0.01, ""pls_components"": 30, ""redundancy_param"": 0.9, ""sample_weight_decay"": 0.99, ""seed"": 42, ""target_block_set"": [""AR1"", ""Chronos"", ""TSFresh""]}"
block1,elastic_net,1460,1459,"{""alpha"": 0.75, ""corr_spec"": {""lam"": 0.98, ""mode"": ""ewma""}, ""dr_method"": ""pls"", ""global_id"": 1459, ""k1_topk"": 7000, ""lag_candidates"": [0, 1, 2, 3, 4, 5, 6], ""lambda"": 0.1, ""pls_components"": 30, ""redundancy_param"": 0.9, ""sample_weight_decay"": 0.99, ""seed"": 42, ""target_block_set"": [""AR1"", ""Chronos"", ""TSFresh""]}"
block1,elastic_net,1461,1460,"{""alpha"": 0.75, ""corr_spec"": {""lam"": 0.98, ""mode"": ""ewma""}, ""dr_method"": ""pls"", ""global_id"": 1460, ""k1_topk"": 7000, ""lag_candidates"": [0, 1, 2, 3, 4, 5, 6], ""lambda"": 1.0, ""pls_components"": 30, ""redundancy_param"": 0.9, ""sample_weight_decay"": 0.99, ""seed"": 42, ""target_block_set"": [""AR1"", ""Chronos"", ""TSFresh""]}"
block1,elastic_net,1462,1461,"{""alpha"": 0.75, ""corr_spec"": {""lam"": 0.98, ""mode"": ""ewma""}, ""dr_method"": ""pls"", ""global_id"": 1461, ""k1_topk"": 7000, ""lag_candidates"": [0, 1, 2, 3, 4, 5, 6], ""lambda"": 10.0, ""pls_components"": 30, ""redundancy_param"": 0.9, ""sample_weight_decay"": 0.99, ""seed"": 42, ""target_block_set"": [""AR1"", ""Chronos"", ""TSFresh""]}"
block1,elastic_net,1463,1462,"{""alpha"": 0.75, ""corr_spec"": {""lam"": 0.98, ""mode"": ""ewma""}, ""dr_method"": ""pls"", ""global_id"": 1462, ""k1_topk"": 7000, ""lag_candidates"": [0, 1, 2, 3, 4, 5, 6], ""lambda"": 100.0, ""pls_components"": 30, ""redundancy_param"": 0.9, ""sample_weight_decay"": 0.99, ""seed"": 42, ""target_block_set"": [""AR1"", ""Chronos"", ""TSFresh""]}"
block1,elastic_net,1464,1463,"{""alpha"": 1.0, ""corr_spec"": {""lam"": 0.98, ""mode"": ""ewma""}, ""dr_method"": ""pls"", ""global_id"": 1463, ""k1_topk"": 7000, ""lag_candidates"": [0, 1, 2, 3, 4, 5, 6], ""lambda"": 0.0001, ""pls_components"": 30, ""redundancy_param"": 0.9, ""sample_weight_decay"": 0.99, ""seed"": 42, ""target_block_set"": [""AR1"", ""Chronos"", ""TSFresh""]}"
block1,elastic_net,1465,1464,"{""alpha"": 1.0, ""corr_spec"": {""lam"": 0.98, ""mode"": ""ewma""}, ""dr_method"": ""pls"", ""global_id"": 1464, ""k1_topk"": 7000, ""lag_candidates"": [0, 1, 2, 3, 4, 5, 6], ""lambda"": 0.001, ""pls_components"": 30, ""redundancy_param"": 0.9, ""sample_weight_decay"": 0.99, ""seed"": 42, ""target_block_set"": [""AR1"", ""Chronos"", ""TSFresh""]}"
block1,elastic_net,1466,1465,"{""alpha"": 1.0, ""corr_spec"": {""lam"": 0.98, ""mode"": ""ewma""}, ""dr_method"": ""pls"", ""global_id"": 1465, ""k1_topk"": 7000, ""lag_candidates"": [0, 1, 2, 3, 4, 5, 6], ""lambda"": 0.01, ""pls_components"": 30, ""redundancy_param"": 0.9, ""sample_weight_decay"": 0.99, ""seed"": 42, ""target_block_set"": [""AR1"", ""Chronos"", ""TSFresh""]}"
block1,elastic_net,1467,1466,"{""alpha"": 1.0, ""corr_spec"": {""lam"": 0.98, ""mode"": ""ewma""}, ""dr_method"": ""pls"", ""global_id"": 1466, ""k1_topk"": 7000, ""lag_candidates"": [0, 1, 2, 3, 4, 5, 6], ""lambda"": 0.1, ""pls_components"": 30, ""redundancy_param"": 0.9, ""sample_weight_decay"": 0.99, ""seed"": 42, ""target_block_set"": [""AR1"", ""Chronos"", ""TSFresh""]}"
block1,elastic_net,1468,1467,"{""alpha"": 1.0, ""corr_spec"": {""lam"": 0.98, ""mode"": ""ewma""}, ""dr_method"": ""pls"", ""global_id"": 1467, ""k1_topk"": 7000, ""lag_candidates"": [0, 1, 2, 3, 4, 5, 6], ""lambda"": 1.0, ""pls_components"": 30, ""redundancy_param"": 0.9, ""sample_weight_decay"": 0.99, ""seed"": 42, ""target_block_set"": [""AR1"", ""Chronos"", ""TSFresh""]}"
block1,elastic_net,1469,1468,"{""alpha"": 1.0, ""corr_spec"": {""lam"": 0.98, ""mode"": ""ewma""}, ""dr_method"": ""pls"", ""global_id"": 1468, ""k1_topk"": 7000, ""lag_candidates"": [0, 1, 2, 3, 4, 5, 6], ""lambda"": 10.0, ""pls_components"": 30, ""redundancy_param"": 0.9, ""sample_weight_decay"": 0.99, ""seed"": 42, ""target_block_set"": [""AR1"", ""Chronos"", ""TSFresh""]}"
block1,elastic_net,1470,1469,"{""alpha"": 1.0, ""corr_spec"": {""lam"": 0.98, ""mode"": ""ewma""}, ""dr_method"": ""pls"", ""global_id"": 1469, ""k1_topk"": 7000, ""lag_candidates"": [0, 1, 2, 3, 4, 5, 6], ""lambda"": 100.0, ""pls_components"": 30, ""redundancy_param"": 0.9, ""sample_weight_decay"": 0.99, ""seed"": 42, ""target_block_set"": [""AR1"", ""Chronos"", ""TSFresh""]}"
block1,elastic_net,1471,1470,"{""alpha"": 0.0, ""corr_spec"": {""lam"": 0.98, ""mode"": ""ewma""}, ""dr_method"": ""none"", ""global_id"": 1470, ""k1_topk"": 7000, ""lag_candidates"": [0, 1, 2, 3, 4, 5, 6], ""lambda"": 0.0001, ""redundancy_param"": 1.0, ""sample_weight_decay"": null, ""seed"": 42, ""target_block_set"": [""AR1"", ""Chronos"", ""TSFresh""]}"
block1,elastic_net,1472,1471,"{""alpha"": 0.0, ""corr_spec"": {""lam"": 0.98, ""mode"": ""ewma""}, ""dr_method"": ""none"", ""global_id"": 1471, ""k1_topk"": 7000, ""lag_candidates"": [0, 1, 2, 3, 4, 5, 6], ""lambda"": 0.001, ""redundancy_param"": 1.0, ""sample_weight_decay"": null, ""seed"": 42, ""target_block_set"": [""AR1"", ""Chronos"", ""TSFresh""]}"
block1,elastic_net,1473,1472,"{""alpha"": 0.0, ""corr_spec"": {""lam"": 0.98, ""mode"": ""ewma""}, ""dr_method"": ""none"", ""global_id"": 1472, ""k1_topk"": 7000, ""lag_candidates"": [0, 1, 2, 3, 4, 5, 6], ""lambda"": 0.01, ""redundancy_param"": 1.0, ""sample_weight_decay"": null, ""seed"": 42, ""target_block_set"": [""AR1"", ""Chronos"", ""TSFresh""]}"
block1,elastic_net,1474,1473,"{""alpha"": 0.0, ""corr_spec"": {""lam"": 0.98, ""mode"": ""ewma""}, ""dr_method"": ""none"", ""global_id"": 1473, ""k1_topk"": 7000, ""lag_candidates"": [0, 1, 2, 3, 4, 5, 6], ""lambda"": 0.1, ""redundancy_param"": 1.0, ""sample_weight_decay"": null, ""seed"": 42, ""target_block_set"": [""AR1"", ""Chronos"", ""TSFresh""]}"
block1,elastic_net,1475,1474,"{""alpha"": 0.0, ""corr_spec"": {""lam"": 0.98, ""mode"": ""ewma""}, ""dr_method"": ""none"", ""global_id"": 1474, ""k1_topk"": 7000, ""lag_candidates"": [0, 1, 2, 3, 4, 5, 6], ""lambda"": 1.0, ""redundancy_param"": 1.0, ""sample_weight_decay"": null, ""seed"": 42, ""target_block_set"": [""AR1"", ""Chronos"", ""TSFresh""]}"
block1,elastic_net,1476,1475,"{""alpha"": 0.0, ""corr_spec"": {""lam"": 0.98, ""mode"": ""ewma""}, ""dr_method"": ""none"", ""global_id"": 1475, ""k1_topk"": 7000, ""lag_candidates"": [0, 1, 2, 3, 4, 5, 6], ""lambda"": 10.0, ""redundancy_param"": 1.0, ""sample_weight_decay"": null, ""seed"": 42, ""target_block_set"": [""AR1"", ""Chronos"", ""TSFresh""]}"
block1,elastic_net,1477,1476,"{""alpha"": 0.0, ""corr_spec"": {""lam"": 0.98, ""mode"": ""ewma""}, ""dr_method"": ""none"", ""global_id"": 1476, ""k1_topk"": 7000, ""lag_candidates"": [0, 1, 2, 3, 4, 5, 6], ""lambda"": 100.0, ""redundancy_param"": 1.0, ""sample_weight_decay"": null, ""seed"": 42, ""target_block_set"": [""AR1"", ""Chronos"", ""TSFresh""]}"
block1,elastic_net,1478,1477,"{""alpha"": 0.25, ""corr_spec"": {""lam"": 0.98, ""mode"": ""ewma""}, ""dr_method"": ""none"", ""global_id"": 1477, ""k1_topk"": 7000, ""lag_candidates"": [0, 1, 2, 3, 4, 5, 6], ""lambda"": 0.0001, ""redundancy_param"": 1.0, ""sample_weight_decay"": null, ""seed"": 42, ""target_block_set"": [""AR1"", ""Chronos"", ""TSFresh""]}"
block1,elastic_net,1479,1478,"{""alpha"": 0.25, ""corr_spec"": {""lam"": 0.98, ""mode"": ""ewma""}, ""dr_method"": ""none"", ""global_id"": 1478, ""k1_topk"": 7000, ""lag_candidates"": [0, 1, 2, 3, 4, 5, 6], ""lambda"": 0.001, ""redundancy_param"": 1.0, ""sample_weight_decay"": null, ""seed"": 42, ""target_block_set"": [""AR1"", ""Chronos"", ""TSFresh""]}"
block1,elastic_net,1480,1479,"{""alpha"": 0.25, ""corr_spec"": {""lam"": 0.98, ""mode"": ""ewma""}, ""dr_method"": ""none"", ""global_id"": 1479, ""k1_topk"": 7000, ""lag_candidates"": [0, 1, 2, 3, 4, 5, 6], ""lambda"": 0.01, ""redundancy_param"": 1.0, ""sample_weight_decay"": null, ""seed"": 42, ""target_block_set"": [""AR1"", ""Chronos"", ""TSFresh""]}"
block1,elastic_net,1481,1480,"{""alpha"": 0.25, ""corr_spec"": {""lam"": 0.98, ""mode"": ""ewma""}, ""dr_method"": ""none"", ""global_id"": 1480, ""k1_topk"": 7000, ""lag_candidates"": [0, 1, 2, 3, 4, 5, 6], ""lambda"": 0.1, ""redundancy_param"": 1.0, ""sample_weight_decay"": null, ""seed"": 42, ""target_block_set"": [""AR1"", ""Chronos"", ""TSFresh""]}"
block1,elastic_net,1482,1481,"{""alpha"": 0.25, ""corr_spec"": {""lam"": 0.98, ""mode"": ""ewma""}, ""dr_method"": ""none"", ""global_id"": 1481, ""k1_topk"": 7000, ""lag_candidates"": [0, 1, 2, 3, 4, 5, 6], ""lambda"": 1.0, ""redundancy_param"": 1.0, ""sample_weight_decay"": null, ""seed"": 42, ""target_block_set"": [""AR1"", ""Chronos"", ""TSFresh""]}"
block1,elastic_net,1483,1482,"{""alpha"": 0.25, ""corr_spec"": {""lam"": 0.98, ""mode"": ""ewma""}, ""dr_method"": ""none"", ""global_id"": 1482, ""k1_topk"": 7000, ""lag_candidates"": [0, 1, 2, 3, 4, 5, 6], ""lambda"": 10.0, ""redundancy_param"": 1.0, ""sample_weight_decay"": null, ""seed"": 42, ""target_block_set"": [""AR1"", ""Chronos"", ""TSFresh""]}"
block1,elastic_net,1484,1483,"{""alpha"": 0.25, ""corr_spec"": {""lam"": 0.98, ""mode"": ""ewma""}, ""dr_method"": ""none"", ""global_id"": 1483, ""k1_topk"": 7000, ""lag_candidates"": [0, 1, 2, 3, 4, 5, 6], ""lambda"": 100.0, ""redundancy_param"": 1.0, ""sample_weight_decay"": null, ""seed"": 42, ""target_block_set"": [""AR1"", ""Chronos"", ""TSFresh""]}"
block1,elastic_net,1485,1484,"{""alpha"": 0.5, ""corr_spec"": {""lam"": 0.98, ""mode"": ""ewma""}, ""dr_method"": ""none"", ""global_id"": 1484, ""k1_topk"": 7000, ""lag_candidates"": [0, 1, 2, 3, 4, 5, 6], ""lambda"": 0.0001, ""redundancy_param"": 1.0, ""sample_weight_decay"": null, ""seed"": 42, ""target_block_set"": [""AR1"", ""Chronos"", ""TSFresh""]}"
block1,elastic_net,1486,1485,"{""alpha"": 0.5, ""corr_spec"": {""lam"": 0.98, ""mode"": ""ewma""}, ""dr_method"": ""none"", ""global_id"": 1485, ""k1_topk"": 7000, ""lag_candidates"": [0, 1, 2, 3, 4, 5, 6], ""lambda"": 0.001, ""redundancy_param"": 1.0, ""sample_weight_decay"": null, ""seed"": 42, ""target_block_set"": [""AR1"", ""Chronos"", ""TSFresh""]}"
block1,elastic_net,1487,1486,"{""alpha"": 0.5, ""corr_spec"": {""lam"": 0.98, ""mode"": ""ewma""}, ""dr_method"": ""none"", ""global_id"": 1486, ""k1_topk"": 7000, ""lag_candidates"": [0, 1, 2, 3, 4, 5, 6], ""lambda"": 0.01, ""redundancy_param"": 1.0, ""sample_weight_decay"": null, ""seed"": 42, ""target_block_set"": [""AR1"", ""Chronos"", ""TSFresh""]}"
block1,elastic_net,1488,1487,"{""alpha"": 0.5, ""corr_spec"": {""lam"": 0.98, ""mode"": ""ewma""}, ""dr_method"": ""none"", ""global_id"": 1487, ""k1_topk"": 7000, ""lag_candidates"": [0, 1, 2, 3, 4, 5, 6], ""lambda"": 0.1, ""redundancy_param"": 1.0, ""sample_weight_decay"": null, ""seed"": 42, ""target_block_set"": [""AR1"", ""Chronos"", ""TSFresh""]}"
block1,elastic_net,1489,1488,"{""alpha"": 0.5, ""corr_spec"": {""lam"": 0.98, ""mode"": ""ewma""}, ""dr_method"": ""none"", ""global_id"": 1488, ""k1_topk"": 7000, ""lag_candidates"": [0, 1, 2, 3, 4, 5, 6], ""lambda"": 1.0, ""redundancy_param"": 1.0, ""sample_weight_decay"": null, ""seed"": 42, ""target_block_set"": [""AR1"", ""Chronos"", ""TSFresh""]}"
block1,elastic_net,1490,1489,"{""alpha"": 0.5, ""corr_spec"": {""lam"": 0.98, ""mode"": ""ewma""}, ""dr_method"": ""none"", ""global_id"": 1489, ""k1_topk"": 7000, ""lag_candidates"": [0, 1, 2, 3, 4, 5, 6], ""lambda"": 10.0, ""redundancy_param"": 1.0, ""sample_weight_decay"": null, ""seed"": 42, ""target_block_set"": [""AR1"", ""Chronos"", ""TSFresh""]}"
block1,elastic_net,1491,1490,"{""alpha"": 0.5, ""corr_spec"": {""lam"": 0.98, ""mode"": ""ewma""}, ""dr_method"": ""none"", ""global_id"": 1490, ""k1_topk"": 7000, ""lag_candidates"": [0, 1, 2, 3, 4, 5, 6], ""lambda"": 100.0, ""redundancy_param"": 1.0, ""sample_weight_decay"": null, ""seed"": 42, ""target_block_set"": [""AR1"", ""Chronos"", ""TSFresh""]}"
block1,elastic_net,1492,1491,"{""alpha"": 0.75, ""corr_spec"": {""lam"": 0.98, ""mode"": ""ewma""}, ""dr_method"": ""none"", ""global_id"": 1491, ""k1_topk"": 7000, ""lag_candidates"": [0, 1, 2, 3, 4, 5, 6], ""lambda"": 0.0001, ""redundancy_param"": 1.0, ""sample_weight_decay"": null, ""seed"": 42, ""target_block_set"": [""AR1"", ""Chronos"", ""TSFresh""]}"
block1,elastic_net,1493,1492,"{""alpha"": 0.75, ""corr_spec"": {""lam"": 0.98, ""mode"": ""ewma""}, ""dr_method"": ""none"", ""global_id"": 1492, ""k1_topk"": 7000, ""lag_candidates"": [0, 1, 2, 3, 4, 5, 6], ""lambda"": 0.001, ""redundancy_param"": 1.0, ""sample_weight_decay"": null, ""seed"": 42, ""target_block_set"": [""AR1"", ""Chronos"", ""TSFresh""]}"
block1,elastic_net,1494,1493,"{""alpha"": 0.75, ""corr_spec"": {""lam"": 0.98, ""mode"": ""ewma""}, ""dr_method"": ""none"", ""global_id"": 1493, ""k1_topk"": 7000, ""lag_candidates"": [0, 1, 2, 3, 4, 5, 6], ""lambda"": 0.01, ""redundancy_param"": 1.0, ""sample_weight_decay"": null, ""seed"": 42, ""target_block_set"": [""AR1"", ""Chronos"", ""TSFresh""]}"
block1,elastic_net,1495,1494,"{""alpha"": 0.75, ""corr_spec"": {""lam"": 0.98, ""mode"": ""ewma""}, ""dr_method"": ""none"", ""global_id"": 1494, ""k1_topk"": 7000, ""lag_candidates"": [0, 1, 2, 3, 4, 5, 6], ""lambda"": 0.1, ""redundancy_param"": 1.0, ""sample_weight_decay"": null, ""seed"": 42, ""target_block_set"": [""AR1"", ""Chronos"", ""TSFresh""]}"
block1,elastic_net,1496,1495,"{""alpha"": 0.75, ""corr_spec"": {""lam"": 0.98, ""mode"": ""ewma""}, ""dr_method"": ""none"", ""global_id"": 1495, ""k1_topk"": 7000, ""lag_candidates"": [0, 1, 2, 3, 4, 5, 6], ""lambda"": 1.0, ""redundancy_param"": 1.0, ""sample_weight_decay"": null, ""seed"": 42, ""target_block_set"": [""AR1"", ""Chronos"", ""TSFresh""]}"
block1,elastic_net,1497,1496,"{""alpha"": 0.75, ""corr_spec"": {""lam"": 0.98, ""mode"": ""ewma""}, ""dr_method"": ""none"", ""global_id"": 1496, ""k1_topk"": 7000, ""lag_candidates"": [0, 1, 2, 3, 4, 5, 6], ""lambda"": 10.0, ""redundancy_param"": 1.0, ""sample_weight_decay"": null, ""seed"": 42, ""target_block_set"": [""AR1"", ""Chronos"", ""TSFresh""]}"
block1,elastic_net,1498,1497,"{""alpha"": 0.75, ""corr_spec"": {""lam"": 0.98, ""mode"": ""ewma""}, ""dr_method"": ""none"", ""global_id"": 1497, ""k1_topk"": 7000, ""lag_candidates"": [0, 1, 2, 3, 4, 5, 6], ""lambda"": 100.0, ""redundancy_param"": 1.0, ""sample_weight_decay"": null, ""seed"": 42, ""target_block_set"": [""AR1"", ""Chronos"", ""TSFresh""]}"
block1,elastic_net,1499,1498,"{""alpha"": 1.0, ""corr_spec"": {""lam"": 0.98, ""mode"": ""ewma""}, ""dr_method"": ""none"", ""global_id"": 1498, ""k1_topk"": 7000, ""lag_candidates"": [0, 1, 2, 3, 4, 5, 6], ""lambda"": 0.0001, ""redundancy_param"": 1.0, ""sample_weight_decay"": null, ""seed"": 42, ""target_block_set"": [""AR1"", ""Chronos"", ""TSFresh""]}"
block1,elastic_net,1500,1499,"{""alpha"": 1.0, ""corr_spec"": {""lam"": 0.98, ""mode"": ""ewma""}, ""dr_method"": ""none"", ""global_id"": 1499, ""k1_topk"": 7000, ""lag_candidates"": [0, 1, 2, 3, 4, 5, 6], ""lambda"": 0.001, ""redundancy_param"": 1.0, ""sample_weight_decay"": null, ""seed"": 42, ""target_block_set"": [""AR1"", ""Chronos"", ""TSFresh""]}"
block1,elastic_net,1501,1500,"{""alpha"": 1.0, ""corr_spec"": {""lam"": 0.98, ""mode"": ""ewma""}, ""dr_method"": ""none"", ""global_id"": 1500, ""k1_topk"": 7000, ""lag_candidates"": [0, 1, 2, 3, 4, 5, 6], ""lambda"": 0.01, ""redundancy_param"": 1.0, ""sample_weight_decay"": null, ""seed"": 42, ""target_block_set"": [""AR1"", ""Chronos"", ""TSFresh""]}"
block1,elastic_net,1502,1501,"{""alpha"": 1.0, ""corr_spec"": {""lam"": 0.98, ""mode"": ""ewma""}, ""dr_method"": ""none"", ""global_id"": 1501, ""k1_topk"": 7000, ""lag_candidates"": [0, 1, 2, 3, 4, 5, 6], ""lambda"": 0.1, ""redundancy_param"": 1.0, ""sample_weight_decay"": null, ""seed"": 42, ""target_block_set"": [""AR1"", ""Chronos"", ""TSFresh""]}"
block1,elastic_net,1503,1502,"{""alpha"": 1.0, ""corr_spec"": {""lam"": 0.98, ""mode"": ""ewma""}, ""dr_method"": ""none"", ""global_id"": 1502, ""k1_topk"": 7000, ""lag_candidates"": [0, 1, 2, 3, 4, 5, 6], ""lambda"": 1.0, ""redundancy_param"": 1.0, ""sample_weight_decay"": null, ""seed"": 42, ""target_block_set"": [""AR1"", ""Chronos"", ""TSFresh""]}"
block1,elastic_net,1504,1503,"{""alpha"": 1.0, ""corr_spec"": {""lam"": 0.98, ""mode"": ""ewma""}, ""dr_method"": ""none"", ""global_id"": 1503, ""k1_topk"": 7000, ""lag_candidates"": [0, 1, 2, 3, 4, 5, 6], ""lambda"": 10.0, ""redundancy_param"": 1.0, ""sample_weight_decay"": null, ""seed"": 42, ""target_block_set"": [""AR1"", ""Chronos"", ""TSFresh""]}"
block1,elastic_net,1505,1504,"{""alpha"": 1.0, ""corr_spec"": {""lam"": 0.98, ""mode"": ""ewma""}, ""dr_method"": ""none"", ""global_id"": 1504, ""k1_topk"": 7000, ""lag_candidates"": [0, 1, 2, 3, 4, 5, 6], ""lambda"": 100.0, ""redundancy_param"": 1.0, ""sample_weight_decay"": null, ""seed"": 42, ""target_block_set"": [""AR1"", ""Chronos"", ""TSFresh""]}"
block1,elastic_net,1506,1505,"{""alpha"": 0.0, ""corr_spec"": {""lam"": 0.98, ""mode"": ""ewma""}, ""dr_method"": ""none"", ""global_id"": 1505, ""k1_topk"": 7000, ""lag_candidates"": [0, 1, 2, 3, 4, 5, 6], ""lambda"": 0.0001, ""redundancy_param"": 1.0, ""sample_weight_decay"": 0.99, ""seed"": 42, ""target_block_set"": [""AR1"", ""Chronos"", ""TSFresh""]}"
block1,elastic_net,1507,1506,"{""alpha"": 0.0, ""corr_spec"": {""lam"": 0.98, ""mode"": ""ewma""}, ""dr_method"": ""none"", ""global_id"": 1506, ""k1_topk"": 7000, ""lag_candidates"": [0, 1, 2, 3, 4, 5, 6], ""lambda"": 0.001, ""redundancy_param"": 1.0, ""sample_weight_decay"": 0.99, ""seed"": 42, ""target_block_set"": [""AR1"", ""Chronos"", ""TSFresh""]}"
block1,elastic_net,1508,1507,"{""alpha"": 0.0, ""corr_spec"": {""lam"": 0.98, ""mode"": ""ewma""}, ""dr_method"": ""none"", ""global_id"": 1507, ""k1_topk"": 7000, ""lag_candidates"": [0, 1, 2, 3, 4, 5, 6], ""lambda"": 0.01, ""redundancy_param"": 1.0, ""sample_weight_decay"": 0.99, ""seed"": 42, ""target_block_set"": [""AR1"", ""Chronos"", ""TSFresh""]}"
block1,elastic_net,1509,1508,"{""alpha"": 0.0, ""corr_spec"": {""lam"": 0.98, ""mode"": ""ewma""}, ""dr_method"": ""none"", ""global_id"": 1508, ""k1_topk"": 7000, ""lag_candidates"": [0, 1, 2, 3, 4, 5, 6], ""lambda"": 0.1, ""redundancy_param"": 1.0, ""sample_weight_decay"": 0.99, ""seed"": 42, ""target_block_set"": [""AR1"", ""Chronos"", ""TSFresh""]}"
block1,elastic_net,1510,1509,"{""alpha"": 0.0, ""corr_spec"": {""lam"": 0.98, ""mode"": ""ewma""}, ""dr_method"": ""none"", ""global_id"": 1509, ""k1_topk"": 7000, ""lag_candidates"": [0, 1, 2, 3, 4, 5, 6], ""lambda"": 1.0, ""redundancy_param"": 1.0, ""sample_weight_decay"": 0.99, ""seed"": 42, ""target_block_set"": [""AR1"", ""Chronos"", ""TSFresh""]}"
block1,elastic_net,1511,1510,"{""alpha"": 0.0, ""corr_spec"": {""lam"": 0.98, ""mode"": ""ewma""}, ""dr_method"": ""none"", ""global_id"": 1510, ""k1_topk"": 7000, ""lag_candidates"": [0, 1, 2, 3, 4, 5, 6], ""lambda"": 10.0, ""redundancy_param"": 1.0, ""sample_weight_decay"": 0.99, ""seed"": 42, ""target_block_set"": [""AR1"", ""Chronos"", ""TSFresh""]}"
block1,elastic_net,1512,1511,"{""alpha"": 0.0, ""corr_spec"": {""lam"": 0.98, ""mode"": ""ewma""}, ""dr_method"": ""none"", ""global_id"": 1511, ""k1_topk"": 7000, ""lag_candidates"": [0, 1, 2, 3, 4, 5, 6], ""lambda"": 100.0, ""redundancy_param"": 1.0, ""sample_weight_decay"": 0.99, ""seed"": 42, ""target_block_set"": [""AR1"", ""Chronos"", ""TSFresh""]}"
